timestamp_s,phase,loop_target_ms,loop_actual_ms,loop_jitter_ms,encoder_tracking_error_rad,motor_current_a,safety_stop
0.0,scene ready,20.0,21.15,1.15,0.006544,0.2675,False
0.02,scene ready,20.0,21.2169,1.2169,0.006974,0.2682,False
0.04,scene ready,20.0,21.2836,1.2836,0.007403,0.2688,False
0.06,scene ready,20.0,21.3496,1.3496,0.00783,0.2695,False
0.08,scene ready,20.0,21.4147,1.4147,0.008256,0.2701,False
0.1,scene ready,20.0,21.4787,1.4787,0.008677,0.2708,False
0.12,scene ready,20.0,21.5411,1.5411,0.009095,0.2715,False
0.14,scene ready,20.0,21.6017,1.6017,0.009509,0.2721,False
0.16,scene ready,20.0,21.6603,1.6603,0.009917,0.2728,False
0.18,scene ready,20.0,21.7165,1.7165,0.010318,0.2734,False
0.2,scene ready,20.0,21.7702,1.7702,0.010713,0.2741,False
0.22,scene ready,20.0,21.821,1.821,0.0111,0.2747,False
0.24,scene ready,20.0,21.8688,1.8688,0.011478,0.2754,False
0.26,scene ready,20.0,21.9134,1.9134,0.011847,0.2761,False
0.28,scene ready,20.0,21.9545,1.9545,0.012207,0.2767,False
0.3,scene ready,20.0,21.992,1.992,0.012556,0.2774,False
0.32,scene ready,20.0,22.0257,2.0257,0.012894,0.278,False
0.34,scene ready,20.0,22.0555,2.0555,0.01322,0.2787,False
0.36,scene ready,20.0,22.0812,2.0812,0.013534,0.2793,False
0.38,scene ready,20.0,22.1028,2.1028,0.013835,0.2799,False
0.4,scene ready,20.0,22.1202,2.1202,0.014122,0.2806,False
0.42,scene ready,20.0,22.1333,2.1333,0.014396,0.2812,False
0.44,scene ready,20.0,22.142,2.142,0.014655,0.2819,False
0.46,scene ready,20.0,22.1465,2.1465,0.014899,0.2825,False
0.48,scene ready,20.0,22.1466,2.1466,0.015127,0.2832,False
0.5,scene ready,20.0,22.1424,2.1424,0.01534,0.2838,False
0.52,scene ready,20.0,22.134,2.134,0.015536,0.2844,False
0.54,scene ready,20.0,22.1213,2.1213,0.015716,0.2851,False
0.56,scene ready,20.0,22.1046,2.1046,0.015879,0.2857,False
0.58,scene ready,20.0,22.0839,2.0839,0.016024,0.2863,False
0.6,scene ready,20.0,22.0594,2.0594,0.016152,0.2869,False
0.62,scene ready,20.0,22.0312,2.0312,0.016263,0.2876,False
0.64,scene ready,20.0,21.9994,1.9994,0.016355,0.2882,False
0.66,scene ready,20.0,21.9643,1.9643,0.016429,0.2888,False
0.68,scene ready,20.0,21.926,1.926,0.016485,0.2894,False
0.7,scene ready,20.0,21.8848,1.8848,0.016522,0.29,False
0.72,scene ready,20.0,21.841,1.841,0.016541,0.2906,False
0.74,scene ready,20.0,21.7946,1.7946,0.016542,0.2913,False
0.76,scene ready,20.0,21.7461,1.7461,0.016524,0.2919,False
0.78,scene ready,20.0,21.6957,1.6957,0.016488,0.2925,False
0.8,scene ready,20.0,21.6436,1.6436,0.016433,0.2931,False
0.82,scene ready,20.0,21.5902,1.5902,0.01636,0.2937,False
0.84,scene ready,20.0,21.5357,1.5357,0.016269,0.2942,False
0.86,scene ready,20.0,21.4804,1.4804,0.01616,0.2948,False
0.88,scene ready,20.0,21.4246,1.4246,0.016033,0.2954,False
0.9,scene ready,20.0,21.3687,1.3687,0.015888,0.296,False
0.92,scene ready,20.0,21.3129,1.3129,0.015726,0.2966,False
0.94,scene ready,20.0,21.2576,1.2576,0.015548,0.2972,False
0.96,scene ready,20.0,21.203,1.203,0.015352,0.2977,False
0.98,scene ready,20.0,21.1494,1.1494,0.015141,0.2983,False
1.0,scene ready,20.0,21.0971,1.0971,0.014913,0.2989,False
1.02,scene ready,20.0,21.0464,1.0464,0.01467,0.2994,False
1.04,scene ready,20.0,20.9976,0.9976,0.014412,0.3,False
1.06,scene ready,20.0,20.951,0.951,0.014139,0.3005,False
1.08,scene ready,20.0,20.9067,0.9067,0.013853,0.3011,False
1.1,scene ready,20.0,20.865,0.865,0.013553,0.3016,False
1.12,scene ready,20.0,20.8262,0.8262,0.013239,0.3022,False
1.14,scene ready,20.0,20.7905,0.7905,0.012914,0.3027,False
1.16,scene ready,20.0,20.758,0.758,0.012577,0.3032,False
1.18,scene ready,20.0,20.729,0.729,0.012228,0.3038,False
1.2,scene ready,20.0,20.7035,0.7035,0.011869,0.3043,False
1.22,scene ready,20.0,20.6818,0.6818,0.011501,0.3053,False
1.24,scene ready,20.0,20.664,0.664,0.011123,0.3065,False
1.26,scene ready,20.0,20.6501,0.6501,0.010736,0.3082,False
1.28,scene ready,20.0,20.6402,0.6402,0.010342,0.3104,False
1.3,scene ready,20.0,20.6345,0.6345,0.009941,0.3129,False
1.32,scene ready,20.0,20.6329,0.6329,0.009534,0.316,False
1.34,scene ready,20.0,20.6354,0.6354,0.009121,0.3194,False
1.36,scene ready,20.0,20.6422,0.6422,0.008703,0.3234,False
1.38,scene ready,20.0,20.653,0.653,0.008281,0.3276,False
1.4,scene ready,20.0,20.668,0.668,0.007856,0.3324,False
1.42,scene ready,20.0,20.6869,0.6869,0.007429,0.3373,False
1.44,scene ready,20.0,20.7098,0.7098,0.007,0.3428,False
1.46,scene ready,20.0,20.7365,0.7365,0.00657,0.3485,False
1.48,scene ready,20.0,20.7669,0.7669,0.00614,0.3548,False
1.5,scene ready,20.0,20.8009,0.8009,0.005711,0.3611,False
1.52,closed-loop five-finger grasp,20.0,20.8382,0.8382,0.005283,0.3681,False
1.54,closed-loop five-finger grasp,20.0,20.8787,0.8787,0.004858,0.3751,False
1.56,closed-loop five-finger grasp,20.0,20.9222,0.9222,0.004436,0.3827,False
1.58,closed-loop five-finger grasp,20.0,20.9685,0.9685,0.004018,0.3903,False
1.6,closed-loop five-finger grasp,20.0,21.0174,1.0174,0.003604,0.3984,False
1.62,closed-loop five-finger grasp,20.0,21.0685,1.0685,0.003196,0.4067,False
1.64,closed-loop five-finger grasp,20.0,21.1217,1.1217,0.002794,0.4153,False
1.66,closed-loop five-finger grasp,20.0,21.1767,1.1767,0.002399,0.4241,False
1.68,closed-loop five-finger grasp,20.0,21.2332,1.2332,0.002012,0.4332,False
1.7,closed-loop five-finger grasp,20.0,21.2909,1.2909,0.001633,0.4425,False
1.72,closed-loop five-finger grasp,20.0,21.3495,1.3495,0.001263,0.4521,False
1.74,closed-loop five-finger grasp,20.0,21.4087,1.4087,0.000902,0.4618,False
1.76,closed-loop five-finger grasp,20.0,21.4683,1.4683,0.000553,0.4718,False
1.78,closed-loop five-finger grasp,20.0,21.5279,1.5279,0.000214,0.4819,False
1.8,closed-loop five-finger grasp,20.0,21.5872,1.5872,0.000113,0.4922,False
1.82,closed-loop five-finger grasp,20.0,21.646,1.646,0.000427,0.5028,False
1.84,closed-loop five-finger grasp,20.0,21.7038,1.7038,0.000729,0.5134,False
1.86,closed-loop five-finger grasp,20.0,21.7605,1.7605,0.001017,0.5243,False
1.88,closed-loop five-finger grasp,20.0,21.8157,1.8157,0.001292,0.5352,False
1.9,closed-loop five-finger grasp,20.0,21.8692,1.8692,0.001552,0.5463,False
1.92,closed-loop five-finger grasp,20.0,21.9206,1.9206,0.001796,0.5575,False
1.94,closed-loop five-finger grasp,20.0,21.9697,1.9697,0.002026,0.5689,False
1.96,closed-loop five-finger grasp,20.0,22.0163,2.0163,0.00224,0.5803,False
1.98,closed-loop five-finger grasp,20.0,22.0601,2.0601,0.002437,0.5918,False
2.0,closed-loop five-finger grasp,20.0,22.1008,2.1008,0.002618,0.6034,False
2.02,closed-loop five-finger grasp,20.0,22.1383,2.1383,0.002781,0.6151,False
2.04,closed-loop five-finger grasp,20.0,22.1724,2.1724,0.002928,0.6268,False
2.06,closed-loop five-finger grasp,20.0,22.2028,2.2028,0.003057,0.6386,False
2.08,closed-loop five-finger grasp,20.0,22.2295,2.2295,0.003168,0.6504,False
2.1,closed-loop five-finger grasp,20.0,22.2522,2.2522,0.003262,0.6623,False
2.12,closed-loop five-finger grasp,20.0,22.2709,2.2709,0.003337,0.6742,False
2.14,closed-loop five-finger grasp,20.0,22.2854,2.2854,0.003394,0.6861,False
2.16,closed-loop five-finger grasp,20.0,22.2956,2.2956,0.003433,0.6979,False
2.18,closed-loop five-finger grasp,20.0,22.3015,2.3015,0.003453,0.7098,False
2.2,closed-loop five-finger grasp,20.0,22.3031,2.3031,0.003454,0.7217,False
2.22,closed-loop five-finger grasp,20.0,22.3002,2.3002,0.003438,0.7336,False
2.24,closed-loop five-finger grasp,20.0,22.293,2.293,0.003402,0.7454,False
2.26,closed-loop five-finger grasp,20.0,22.2814,2.2814,0.003349,0.7571,False
2.28,closed-loop five-finger grasp,20.0,22.2654,2.2654,0.003277,0.7688,False
2.3,closed-loop five-finger grasp,20.0,22.2453,2.2453,0.003187,0.7805,False
2.32,closed-loop five-finger grasp,20.0,22.2209,2.2209,0.003079,0.7921,False
2.34,closed-loop five-finger grasp,20.0,22.1924,2.1924,0.002953,0.8036,False
2.36,closed-loop five-finger grasp,20.0,22.16,2.16,0.002809,0.815,False
2.38,closed-loop five-finger grasp,20.0,22.1238,2.1238,0.002649,0.8263,False
2.4,closed-loop five-finger grasp,20.0,22.084,2.084,0.002471,0.8374,False
2.42,closed-loop five-finger grasp,20.0,22.0406,2.0406,0.002276,0.8485,False
2.44,closed-loop five-finger grasp,20.0,21.994,1.994,0.002066,0.8595,False
2.46,closed-loop five-finger grasp,20.0,21.9444,1.9444,0.001839,0.8703,False
2.48,closed-loop five-finger grasp,20.0,21.892,1.892,0.001597,0.8809,False
2.5,closed-loop five-finger grasp,20.0,21.8369,1.8369,0.00134,0.8915,False
2.52,closed-loop five-finger grasp,20.0,21.7795,1.7795,0.001068,0.9017,False
2.54,closed-loop five-finger grasp,20.0,21.7201,1.7201,0.000782,0.912,False
2.56,closed-loop five-finger grasp,20.0,21.6589,1.6589,0.000483,0.9219,False
2.58,closed-loop five-finger grasp,20.0,21.5962,1.5962,0.000171,0.9318,False
2.6,closed-loop five-finger grasp,20.0,21.5323,1.5323,0.000154,0.9413,False
2.62,closed-loop five-finger grasp,20.0,21.4675,1.4675,0.000491,0.9508,False
2.64,closed-loop five-finger grasp,20.0,21.4021,1.4021,0.000838,0.9599,False
2.66,closed-loop five-finger grasp,20.0,21.3363,1.3363,0.001197,0.9689,False
2.68,closed-loop five-finger grasp,20.0,21.2706,1.2706,0.001565,0.9776,False
2.7,closed-loop five-finger grasp,20.0,21.2052,1.2052,0.001942,0.9861,False
2.72,closed-loop five-finger grasp,20.0,21.1404,1.1404,0.002328,0.9943,False
2.74,closed-loop five-finger grasp,20.0,21.0765,1.0765,0.002722,1.0023,False
2.76,closed-loop five-finger grasp,20.0,21.0139,1.0139,0.003123,1.01,False
2.78,closed-loop five-finger grasp,20.0,20.9527,0.9527,0.00353,1.0174,False
2.8,closed-loop five-finger grasp,20.0,20.8933,0.8933,0.003942,1.0246,False
2.82,closed-loop five-finger grasp,20.0,20.836,0.836,0.00436,1.0315,False
2.84,closed-loop five-finger grasp,20.0,20.7809,0.7809,0.004781,1.0381,False
2.86,closed-loop five-finger grasp,20.0,20.7285,0.7285,0.005206,1.0443,False
2.88,closed-loop five-finger grasp,20.0,20.6788,0.6788,0.005633,1.0503,False
2.9,closed-loop five-finger grasp,20.0,20.6322,0.6322,0.006062,1.0558,False
2.92,closed-loop five-finger grasp,20.0,20.5887,0.5887,0.006492,1.0612,False
2.94,closed-loop five-finger grasp,20.0,20.5487,0.5487,0.006922,1.066,False
2.96,closed-loop five-finger grasp,20.0,20.5123,0.5123,0.007351,1.0708,False
2.98,closed-loop five-finger grasp,20.0,20.4797,0.4797,0.007779,1.0748,False
3.0,closed-loop five-finger grasp,20.0,20.4509,0.4509,0.008204,1.0789,False
3.02,closed-loop five-finger grasp,20.0,20.4261,0.4261,0.008627,1.0822,False
3.04,closed-loop five-finger grasp,20.0,20.4054,0.4054,0.009045,1.0854,False
3.06,closed-loop five-finger grasp,20.0,20.3888,0.3888,0.009459,1.088,False
3.08,closed-loop five-finger grasp,20.0,20.3765,0.3765,0.009868,1.0904,False
3.1,closed-loop five-finger grasp,20.0,20.3684,0.3684,0.01027,1.0922,False
3.12,closed-loop five-finger grasp,20.0,20.3646,0.3646,0.010666,1.0938,False
3.14,closed-loop five-finger grasp,20.0,20.365,0.365,0.011053,1.0947,False
3.16,closed-loop five-finger grasp,20.0,20.3696,0.3696,0.011433,1.0954,False
3.18,closed-loop five-finger grasp,20.0,20.3784,0.3784,0.011803,1.0956,False
3.2,closed-loop five-finger grasp,20.0,20.3913,0.3913,0.012164,1.0954,False
3.22,closed-loop five-finger grasp,20.0,20.4082,0.4082,0.012514,1.095,False
3.24,closed-loop five-finger grasp,20.0,20.4289,0.4289,0.012854,1.0945,False
3.26,closed-loop five-finger grasp,20.0,20.4534,0.4534,0.013181,1.094,False
3.28,closed-loop five-finger grasp,20.0,20.4815,0.4815,0.013497,1.0935,False
3.3,closed-loop five-finger grasp,20.0,20.513,0.513,0.013799,1.0929,False
3.32,closed-loop five-finger grasp,20.0,20.5476,0.5476,0.014088,1.0924,False
3.34,closed-loop five-finger grasp,20.0,20.5854,0.5854,0.014364,1.0919,False
3.36,closed-loop five-finger grasp,20.0,20.6259,0.6259,0.014624,1.0914,False
3.38,closed-loop five-finger grasp,20.0,20.6689,0.6689,0.01487,1.0908,False
3.4,closed-loop five-finger grasp,20.0,20.7143,0.7143,0.015101,1.0903,False
3.42,closed-loop five-finger grasp,20.0,20.7617,0.7617,0.015315,1.0897,False
3.44,closed-loop five-finger grasp,20.0,20.8109,0.8109,0.015513,1.0892,False
3.46,closed-loop five-finger grasp,20.0,20.8616,0.8616,0.015695,1.0886,False
3.48,closed-loop five-finger grasp,20.0,20.9136,0.9136,0.01586,1.0881,False
3.5,closed-loop five-finger grasp,20.0,20.9664,0.9664,0.016008,1.0875,False
3.52,cap rotation + tactile feedback,20.0,21.0199,1.0199,0.016138,1.087,False
3.54,cap rotation + tactile feedback,20.0,21.0737,1.0737,0.01625,1.0864,False
3.56,cap rotation + tactile feedback,20.0,21.1275,1.1275,0.016345,1.0858,False
3.58,cap rotation + tactile feedback,20.0,21.181,1.181,0.016421,1.0853,False
3.6,cap rotation + tactile feedback,20.0,21.234,1.234,0.016479,1.0847,False
3.62,cap rotation + tactile feedback,20.0,21.2861,1.2861,0.016519,1.0841,False
3.64,cap rotation + tactile feedback,20.0,21.337,1.337,0.01654,1.0835,False
3.66,cap rotation + tactile feedback,20.0,21.3865,1.3865,0.016543,1.0829,False
3.68,cap rotation + tactile feedback,20.0,21.4343,1.4343,0.016527,1.0823,False
3.7,cap rotation + tactile feedback,20.0,21.48,1.48,0.016493,1.0817,False
3.72,cap rotation + tactile feedback,20.0,21.5235,1.5235,0.01644,1.0811,False
3.74,cap rotation + tactile feedback,20.0,21.5645,1.5645,0.01637,1.0805,False
3.76,cap rotation + tactile feedback,20.0,21.6027,1.6027,0.016281,1.0799,False
3.78,cap rotation + tactile feedback,20.0,21.638,1.638,0.016174,1.0793,False
3.8,cap rotation + tactile feedback,20.0,21.6701,1.6701,0.016049,1.0787,False
3.82,cap rotation + tactile feedback,20.0,21.6989,1.6989,0.015906,1.078,False
3.84,cap rotation + tactile feedback,20.0,21.7241,1.7241,0.015747,1.0774,False
3.86,cap rotation + tactile feedback,20.0,21.7456,1.7456,0.01557,1.0768,False
3.88,cap rotation + tactile feedback,20.0,21.7633,1.7633,0.015377,1.0762,False
3.9,cap rotation + tactile feedback,20.0,21.7771,1.7771,0.015167,1.0755,False
3.92,cap rotation + tactile feedback,20.0,21.7868,1.7868,0.014941,1.0749,False
3.94,cap rotation + tactile feedback,20.0,21.7924,1.7924,0.0147,1.0743,False
3.96,cap rotation + tactile feedback,20.0,21.7939,1.7939,0.014444,1.0737,False
3.98,cap rotation + tactile feedback,20.0,21.7911,1.7911,0.014173,1.073,False
4.0,cap rotation + tactile feedback,20.0,21.7842,1.7842,0.013888,1.0724,False
4.02,cap rotation + tactile feedback,20.0,21.773,1.773,0.013589,1.0718,False
4.04,cap rotation + tactile feedback,20.0,21.7577,1.7577,0.013278,1.0712,False
4.06,cap rotation + tactile feedback,20.0,21.7383,1.7383,0.012954,1.0706,False
4.08,cap rotation + tactile feedback,20.0,21.7148,1.7148,0.012618,1.07,False
4.1,cap rotation + tactile feedback,20.0,21.6874,1.6874,0.012271,1.0694,False
4.12,cap rotation + tactile feedback,20.0,21.6562,1.6562,0.011913,1.0688,False
4.14,cap rotation + tactile feedback,20.0,21.6213,1.6213,0.011546,1.0682,False
4.16,cap rotation + tactile feedback,20.0,21.5828,1.5828,0.011169,1.0676,False
4.18,cap rotation + tactile feedback,20.0,21.541,1.541,0.010783,1.067,False
4.2,cap rotation + tactile feedback,20.0,21.496,1.496,0.01039,1.0664,False
4.22,cap rotation + tactile feedback,20.0,21.448,1.448,0.00999,1.0658,False
4.24,cap rotation + tactile feedback,20.0,21.3973,1.3973,0.009583,1.0652,False
4.26,cap rotation + tactile feedback,20.0,21.344,1.344,0.009171,1.0647,False
4.28,cap rotation + tactile feedback,20.0,21.2885,1.2885,0.008753,1.0641,False
4.3,cap rotation + tactile feedback,20.0,21.231,1.231,0.008332,1.0635,False
4.32,cap rotation + tactile feedback,20.0,21.1717,1.1717,0.007908,1.0628,False
4.34,cap rotation + tactile feedback,20.0,21.111,1.111,0.00748,1.0622,False
4.36,cap rotation + tactile feedback,20.0,21.0492,1.0492,0.007052,1.0616,False
4.38,cap rotation + tactile feedback,20.0,20.9864,0.9864,0.006622,1.061,False
4.4,cap rotation + tactile feedback,20.0,20.9231,0.9231,0.006192,1.0603,False
4.42,cap rotation + tactile feedback,20.0,20.8595,0.8595,0.005763,1.0596,False
4.44,cap rotation + tactile feedback,20.0,20.796,0.796,0.005335,1.059,False
4.46,cap rotation + tactile feedback,20.0,20.7328,0.7328,0.004909,1.0583,False
4.48,cap rotation + tactile feedback,20.0,20.6703,0.6703,0.004487,1.0576,False
4.5,cap rotation + tactile feedback,20.0,20.6087,0.6087,0.004068,1.0568,False
4.52,cap rotation + tactile feedback,20.0,20.5483,0.5483,0.003654,1.0561,False
4.54,cap rotation + tactile feedback,20.0,20.4895,0.4895,0.003245,1.0567,False
4.56,cap rotation + tactile feedback,20.0,20.4325,0.4325,0.002842,1.0574,False
4.58,cap rotation + tactile feedback,20.0,20.3776,0.3776,0.002446,1.0582,False
4.6,cap rotation + tactile feedback,20.0,20.325,0.325,0.002058,1.059,False
4.62,cap rotation + tactile feedback,20.0,20.2751,0.2751,0.001678,1.0598,False
4.64,cap rotation + tactile feedback,20.0,20.228,0.228,0.001307,1.0606,False
4.66,cap rotation + tactile feedback,20.0,20.184,0.184,0.000945,1.0615,False
4.68,cap rotation + tactile feedback,20.0,20.1433,0.1433,0.000594,1.0623,False
4.7,cap rotation + tactile feedback,20.0,20.1061,0.1061,0.000254,1.0631,False
4.72,cap rotation + tactile feedback,20.0,20.0726,0.0726,7.4e-05,1.064,False
4.74,cap rotation + tactile feedback,20.0,20.0429,0.0429,0.00039,1.0648,False
4.76,cap rotation + tactile feedback,20.0,20.0172,0.0172,0.000694,1.0656,False
4.78,cap rotation + tactile feedback,20.0,19.9956,0.0044,0.000983,1.0664,False
4.8,cap rotation + tactile feedback,20.0,19.9782,0.0218,0.001259,1.0672,False
4.82,cap rotation + tactile feedback,20.0,19.965,0.035,0.001521,1.068,False
4.84,cap rotation + tactile feedback,20.0,19.9563,0.0437,0.001768,1.0688,False
4.86,cap rotation + tactile feedback,20.0,19.9519,0.0481,0.001999,1.0695,False
4.88,cap rotation + tactile feedback,20.0,19.9519,0.0481,0.002215,1.0702,False
4.9,cap rotation + tactile feedback,20.0,19.9563,0.0437,0.002414,1.0709,False
4.92,cap rotation + tactile feedback,20.0,19.9651,0.0349,0.002597,1.0716,False
4.94,cap rotation + tactile feedback,20.0,19.9783,0.0217,0.002763,1.0722,False
4.96,cap rotation + tactile feedback,20.0,19.9957,0.0043,0.002911,1.0728,False
4.98,cap rotation + tactile feedback,20.0,20.0172,0.0172,0.003043,1.0734,False
5.0,cap rotation + tactile feedback,20.0,20.0429,0.0429,0.003156,1.0739,False
5.02,cap rotation + tactile feedback,20.0,20.0725,0.0725,0.003252,1.0744,False
5.04,cap rotation + tactile feedback,20.0,20.1059,0.1059,0.003329,1.0749,False
5.06,cap rotation + tactile feedback,20.0,20.1429,0.1429,0.003388,1.0753,False
5.08,cap rotation + tactile feedback,20.0,20.1834,0.1834,0.003429,1.0758,False
5.1,cap rotation + tactile feedback,20.0,20.2271,0.2271,0.003451,1.0762,False
5.12,cap rotation + tactile feedback,20.0,20.2738,0.2738,0.003455,1.0765,False
5.14,cap rotation + tactile feedback,20.0,20.3233,0.3233,0.003441,1.0769,False
5.16,cap rotation + tactile feedback,20.0,20.3754,0.3754,0.003408,1.0772,False
5.18,cap rotation + tactile feedback,20.0,20.4298,0.4298,0.003356,1.0775,False
5.2,cap rotation + tactile feedback,20.0,20.4862,0.4862,0.003286,1.0778,False
5.22,cap rotation + tactile feedback,20.0,20.5444,0.5444,0.003199,1.0781,False
5.24,cap rotation + tactile feedback,20.0,20.604,0.604,0.003093,1.0784,False
5.26,cap rotation + tactile feedback,20.0,20.6648,0.6648,0.002969,1.0787,False
5.28,cap rotation + tactile feedback,20.0,20.7265,0.7265,0.002827,1.079,False
5.3,cap rotation + tactile feedback,20.0,20.7887,0.7887,0.002669,1.0794,False
5.32,cap rotation + tactile feedback,20.0,20.8512,0.8512,0.002493,1.0797,False
5.34,cap rotation + tactile feedback,20.0,20.9137,0.9137,0.002301,1.0801,False
5.36,cap rotation + tactile feedback,20.0,20.9758,0.9758,0.002092,1.0804,False
5.38,cap rotation + tactile feedback,20.0,21.0373,1.0373,0.001867,1.0808,False
5.4,cap rotation + tactile feedback,20.0,21.0978,1.0978,0.001627,1.0813,False
5.42,cap rotation + tactile feedback,20.0,21.1571,1.1571,0.001372,1.0818,False
5.44,cap rotation + tactile feedback,20.0,21.2149,1.2149,0.001102,1.0823,False
5.46,cap rotation + tactile feedback,20.0,21.2709,1.2709,0.000818,1.0828,False
5.48,cap rotation + tactile feedback,20.0,21.3248,1.3248,0.00052,1.0834,False
5.5,cap rotation + tactile feedback,20.0,21.3764,1.3764,0.000209,1.084,False
5.52,cap rotation + tactile feedback,20.0,21.4255,1.4255,0.000114,1.0847,False
5.54,cap rotation + tactile feedback,20.0,21.4717,1.4717,0.000449,1.0854,False
5.56,cap rotation + tactile feedback,20.0,21.5149,1.5149,0.000796,1.0862,False
5.58,cap rotation + tactile feedback,20.0,21.5549,1.5549,0.001153,1.087,False
5.6,cap rotation + tactile feedback,20.0,21.5915,1.5915,0.00152,1.0878,False
5.62,cap rotation + tactile feedback,20.0,21.6246,1.6246,0.001896,1.0886,False
5.64,cap rotation + tactile feedback,20.0,21.6539,1.6539,0.002281,1.0895,False
5.66,cap rotation + tactile feedback,20.0,21.6794,1.6794,0.002674,1.0904,False
5.68,cap rotation + tactile feedback,20.0,21.7009,1.7009,0.003074,1.0913,False
5.7,cap rotation + tactile feedback,20.0,21.7183,1.7183,0.00348,1.0922,False
5.72,cap rotation + tactile feedback,20.0,21.7317,1.7317,0.003892,1.0931,False
5.74,cap rotation + tactile feedback,20.0,21.7409,1.7409,0.004309,1.094,False
5.76,cap rotation + tactile feedback,20.0,21.7459,1.7459,0.00473,1.0949,False
5.78,cap rotation + tactile feedback,20.0,21.7467,1.7467,0.005155,1.0958,False
5.8,cap rotation + tactile feedback,20.0,21.7434,1.7434,0.005582,1.0967,False
5.82,cap rotation + tactile feedback,20.0,21.7359,1.7359,0.006011,1.0975,False
5.84,cap rotation + tactile feedback,20.0,21.7243,1.7243,0.00644,1.0983,False
5.86,cap rotation + tactile feedback,20.0,21.7087,1.7087,0.00687,1.0991,False
5.88,cap rotation + tactile feedback,20.0,21.6893,1.6893,0.0073,1.0998,False
5.9,cap rotation + tactile feedback,20.0,21.6661,1.6661,0.007728,1.1005,False
5.92,cap rotation + tactile feedback,20.0,21.6393,1.6393,0.008153,1.1012,False
5.94,cap rotation + tactile feedback,20.0,21.6089,1.6089,0.008576,1.1018,False
5.96,cap rotation + tactile feedback,20.0,21.5753,1.5753,0.008995,1.1024,False
5.98,cap rotation + tactile feedback,20.0,21.5386,1.5386,0.00941,1.1029,False
6.0,cap rotation + tactile feedback,20.0,21.4991,1.4991,0.009819,1.1033,False
6.02,cap rotation + tactile feedback,20.0,21.4568,1.4568,0.010222,1.1037,False
6.04,cap rotation + tactile feedback,20.0,21.4122,1.4122,0.010618,1.1041,False
6.06,cap rotation + tactile feedback,20.0,21.3653,1.3653,0.011007,1.1044,False
6.08,cap rotation + tactile feedback,20.0,21.3166,1.3166,0.011388,1.1047,False
6.1,cap rotation + tactile feedback,20.0,21.2662,1.2662,0.011759,1.1049,False
6.12,cap rotation + tactile feedback,20.0,21.2145,1.2145,0.012121,1.1051,False
6.14,cap rotation + tactile feedback,20.0,21.1617,1.1617,0.012473,1.1053,False
6.16,cap rotation + tactile feedback,20.0,21.1081,1.1081,0.012813,1.1054,False
6.18,cap rotation + tactile feedback,20.0,21.0541,1.0541,0.013143,1.1055,False
6.2,cap rotation + tactile feedback,20.0,20.9999,0.9999,0.013459,1.1056,False
6.22,cap rotation + tactile feedback,20.0,20.9458,0.9458,0.013764,1.1056,False
6.24,cap rotation + tactile feedback,20.0,20.8921,0.8921,0.014054,1.1056,False
6.26,cap rotation + tactile feedback,20.0,20.8392,0.8392,0.014331,1.1056,False
6.28,cap rotation + tactile feedback,20.0,20.7873,0.7873,0.014594,1.1056,False
6.3,cap rotation + tactile feedback,20.0,20.7368,0.7368,0.014841,1.1056,False
6.32,cap rotation + tactile feedback,20.0,20.6878,0.6878,0.015074,1.1056,False
6.34,cap rotation + tactile feedback,20.0,20.6407,0.6407,0.01529,1.1056,False
6.36,cap rotation + tactile feedback,20.0,20.5957,0.5957,0.01549,1.1056,False
6.38,cap rotation + tactile feedback,20.0,20.5532,0.5532,0.015674,1.1056,False
6.4,cap rotation + tactile feedback,20.0,20.5133,0.5133,0.015841,1.1057,False
6.42,cap rotation + tactile feedback,20.0,20.4762,0.4762,0.015991,1.1057,False
6.44,cap rotation + tactile feedback,20.0,20.4423,0.4423,0.016123,1.1058,False
6.46,cap rotation + tactile feedback,20.0,20.4117,0.4117,0.016238,1.106,False
6.48,cap rotation + tactile feedback,20.0,20.3845,0.3845,0.016334,1.1061,False
6.5,cap rotation + tactile feedback,20.0,20.361,0.361,0.016413,1.1063,False
6.52,cap rotation + tactile feedback,20.0,20.3413,0.3413,0.016473,1.1066,False
6.54,cap rotation + tactile feedback,20.0,20.3255,0.3255,0.016515,1.1068,False
6.56,cap rotation + tactile feedback,20.0,20.3138,0.3138,0.016539,1.1072,False
6.58,cap rotation + tactile feedback,20.0,20.3062,0.3062,0.016544,1.1075,False
6.6,cap rotation + tactile feedback,20.0,20.3028,0.3028,0.01653,1.1079,False
6.62,cap rotation + tactile feedback,20.0,20.3036,0.3036,0.016498,1.1083,False
6.64,cap rotation + tactile feedback,20.0,20.3087,0.3087,0.016448,1.1088,False
6.66,cap rotation + tactile feedback,20.0,20.3181,0.3181,0.016379,1.1092,False
6.68,cap rotation + tactile feedback,20.0,20.3318,0.3318,0.016292,1.1097,False
6.7,cap rotation + tactile feedback,20.0,20.3497,0.3497,0.016187,1.1102,False
6.72,cap rotation + tactile feedback,20.0,20.3717,0.3717,0.016065,1.1108,False
6.74,cap rotation + tactile feedback,20.0,20.3978,0.3978,0.015925,1.1113,False
6.76,cap rotation + tactile feedback,20.0,20.428,0.428,0.015767,1.1118,False
6.78,cap rotation + tactile feedback,20.0,20.462,0.462,0.015592,1.1123,False
6.8,cap rotation + tactile feedback,20.0,20.4997,0.4997,0.015401,1.1127,False
6.82,cap rotation + tactile feedback,20.0,20.5409,0.5409,0.015193,1.1132,False
6.84,cap rotation + tactile feedback,20.0,20.5856,0.5856,0.014969,1.1136,False
6.86,cap rotation + tactile feedback,20.0,20.6335,0.6335,0.01473,1.114,False
6.88,cap rotation + tactile feedback,20.0,20.6843,0.6843,0.014475,1.1144,False
6.9,cap rotation + tactile feedback,20.0,20.7379,0.7379,0.014206,1.1147,False
6.92,cap rotation + tactile feedback,20.0,20.794,0.794,0.013923,1.1149,False
6.94,cap rotation + tactile feedback,20.0,20.8524,0.8524,0.013626,1.1152,False
6.96,cap rotation + tactile feedback,20.0,20.9128,0.9128,0.013316,1.1154,False
6.98,cap rotation + tactile feedback,20.0,20.9748,0.9748,0.012994,1.1156,False
7.0,cap rotation + tactile feedback,20.0,21.0384,1.0384,0.012659,1.1157,False
7.02,cap rotation + tactile feedback,20.0,21.1031,1.1031,0.012313,1.1158,False
7.04,cap rotation + tactile feedback,20.0,21.1686,1.1686,0.011957,1.1159,False
7.06,cap rotation + tactile feedback,20.0,21.2347,1.2347,0.01159,1.1159,False
7.08,cap rotation + tactile feedback,20.0,21.301,1.301,0.011215,1.116,False
7.1,cap rotation + tactile feedback,20.0,21.3673,1.3673,0.01083,1.116,False
7.12,cap rotation + tactile feedback,20.0,21.4332,1.4332,0.010438,1.116,False
7.14,cap rotation + tactile feedback,20.0,21.4985,1.4985,0.010038,1.116,False
7.16,cap rotation + tactile feedback,20.0,21.5627,1.5627,0.009632,1.116,False
7.18,cap rotation + tactile feedback,20.0,21.6257,1.6257,0.009221,1.116,False
7.2,cap rotation + tactile feedback,20.0,21.6872,1.6872,0.008804,1.116,False
7.22,cap rotation + tactile feedback,20.0,21.7468,1.7468,0.008383,1.116,False
7.24,cap rotation + tactile feedback,20.0,21.8043,1.8043,0.007959,1.116,False
7.26,cap rotation + tactile feedback,20.0,21.8594,1.8594,0.007532,1.116,False
7.28,cap rotation + tactile feedback,20.0,21.9119,1.9119,0.007103,1.1161,False
7.3,cap rotation + tactile feedback,20.0,21.9615,1.9615,0.006674,1.1161,False
7.32,cap rotation + tactile feedback,20.0,22.008,2.008,0.006244,1.1162,False
7.34,cap rotation + tactile feedback,20.0,22.0512,2.0512,0.005814,1.1162,False
7.36,cap rotation + tactile feedback,20.0,22.0909,2.0909,0.005386,1.1163,False
7.38,cap rotation + tactile feedback,20.0,22.1269,2.1269,0.00496,1.1164,False
7.4,cap rotation + tactile feedback,20.0,22.1591,2.1591,0.004537,1.1166,False
7.42,slip recovery below 0.40 mm,20.0,22.1873,2.1873,0.004118,1.1168,False
7.44,slip recovery below 0.40 mm,20.0,22.2115,2.2115,0.003703,1.117,False
7.46,slip recovery below 0.40 mm,20.0,22.2314,2.2314,0.003294,1.1173,False
7.48,slip recovery below 0.40 mm,20.0,22.2471,2.2471,0.00289,1.1178,False
7.5,slip recovery below 0.40 mm,20.0,22.2584,2.2584,0.002493,1.1183,False
7.52,slip recovery below 0.40 mm,20.0,22.2654,2.2654,0.002104,1.119,False
7.54,slip recovery below 0.40 mm,20.0,22.268,2.268,0.001723,1.1198,False
7.56,slip recovery below 0.40 mm,20.0,22.2662,2.2662,0.001351,1.1209,False
7.58,slip recovery below 0.40 mm,20.0,22.2601,2.2601,0.000988,1.1221,False
7.6,slip recovery below 0.40 mm,20.0,22.2497,2.2497,0.000636,1.1238,False
7.62,slip recovery below 0.40 mm,20.0,22.2351,2.2351,0.000295,1.1255,False
7.64,slip recovery below 0.40 mm,20.0,22.2163,2.2163,3.5e-05,1.128,False
7.66,slip recovery below 0.40 mm,20.0,22.1935,2.1935,0.000353,1.1306,False
7.68,slip recovery below 0.40 mm,20.0,22.1669,2.1669,0.000658,1.1339,False
7.7,slip recovery below 0.40 mm,20.0,22.1365,2.1365,0.000949,1.1375,False
7.72,slip recovery below 0.40 mm,20.0,22.1025,2.1025,0.001227,1.142,False
7.74,slip recovery below 0.40 mm,20.0,22.0652,2.0652,0.00149,1.1469,False
7.76,slip recovery below 0.40 mm,20.0,22.0246,2.0246,0.001738,1.1527,False
7.78,slip recovery below 0.40 mm,20.0,21.9812,1.9812,0.001971,1.1592,False
7.8,slip recovery below 0.40 mm,20.0,21.935,1.935,0.002147,1.1664,False
7.82,slip recovery below 0.40 mm,20.0,21.8863,1.8863,0.002251,1.1746,False
7.84,slip recovery below 0.40 mm,20.0,21.8354,1.8354,0.002332,1.1834,False
7.86,slip recovery below 0.40 mm,20.0,21.7825,1.7825,0.002381,1.1934,False
7.88,slip recovery below 0.40 mm,20.0,21.728,1.728,0.002408,1.2037,False
7.9,slip recovery below 0.40 mm,20.0,21.6721,1.6721,0.002403,1.2153,False
7.92,slip recovery below 0.40 mm,20.0,21.6151,1.6151,0.002377,1.2271,False
7.94,slip recovery below 0.40 mm,20.0,21.5574,1.5574,0.002318,1.24,False
7.96,slip recovery below 0.40 mm,20.0,21.4991,1.4991,0.002241,1.253,False
7.98,slip recovery below 0.40 mm,20.0,21.4406,1.4406,0.002136,1.2668,False
8.0,slip recovery below 0.40 mm,20.0,21.3822,1.3822,0.002012,1.2804,False
8.02,slip recovery below 0.40 mm,20.0,21.3243,1.3243,0.001868,1.2943,False
8.04,slip recovery below 0.40 mm,20.0,21.2671,1.2671,0.001706,1.3081,False
8.06,slip recovery below 0.40 mm,20.0,21.2108,1.2108,0.001532,1.3212,False
8.08,slip recovery below 0.40 mm,20.0,21.1559,1.1559,0.001341,1.3343,False
8.1,slip recovery below 0.40 mm,20.0,21.1026,1.1026,0.001148,1.3459,False
8.12,slip recovery below 0.40 mm,20.0,21.0511,1.0511,0.00094,1.3572,False
8.14,slip recovery below 0.40 mm,20.0,21.0017,1.0017,0.000736,1.3666,False
8.16,slip recovery below 0.40 mm,20.0,20.9547,0.9547,0.000523,1.3754,False
8.18,slip recovery below 0.40 mm,20.0,20.9103,0.9103,0.000318,1.3819,False
8.2,slip recovery below 0.40 mm,20.0,20.8688,0.8688,0.000109,1.3874,False
8.22,slip recovery below 0.40 mm,20.0,20.8303,0.8303,9.1e-05,1.3906,False
8.24,slip recovery below 0.40 mm,20.0,20.7951,0.7951,0.000289,1.3922,False
8.26,slip recovery below 0.40 mm,20.0,20.7632,0.7632,0.000477,1.3918,False
8.28,slip recovery below 0.40 mm,20.0,20.735,0.735,0.000655,1.3895,False
8.3,slip recovery below 0.40 mm,20.0,20.7105,0.7105,0.000826,1.3855,False
8.32,slip recovery below 0.40 mm,20.0,20.6899,0.6899,0.000982,1.3793,False
8.34,slip recovery below 0.40 mm,20.0,20.6732,0.6732,0.001137,1.3721,False
8.36,slip recovery below 0.40 mm,20.0,20.6605,0.6605,0.001277,1.3626,False
8.38,slip recovery below 0.40 mm,20.0,20.6519,0.6519,0.001423,1.3525,False
8.4,slip recovery below 0.40 mm,20.0,20.6475,0.6475,0.001559,1.3406,False
8.42,slip recovery below 0.40 mm,20.0,20.6472,0.6472,0.001704,1.3283,False
8.44,slip recovery below 0.40 mm,20.0,20.6511,0.6511,0.001847,1.3147,False
8.46,slip recovery below 0.40 mm,20.0,20.6591,0.6591,0.002001,1.3009,False
8.48,slip recovery below 0.40 mm,20.0,20.6712,0.6712,0.002164,1.2866,False
8.5,slip recovery below 0.40 mm,20.0,20.6873,0.6873,0.002337,1.2723,False
8.52,slip recovery below 0.40 mm,20.0,20.7074,0.7074,0.002529,1.2582,False
8.54,slip recovery below 0.40 mm,20.0,20.7312,0.7312,0.00273,1.244,False
8.56,slip recovery below 0.40 mm,20.0,20.7588,0.7588,0.002955,1.2307,False
8.58,slip recovery below 0.40 mm,20.0,20.7899,0.7899,0.003189,1.2174,False
8.6,slip recovery below 0.40 mm,20.0,20.8243,0.8243,0.003451,1.2053,False
8.62,slip recovery below 0.40 mm,20.0,20.862,0.862,0.003722,1.1934,False
8.64,slip recovery below 0.40 mm,20.0,20.9027,0.9027,0.004018,1.1827,False
8.66,slip recovery below 0.40 mm,20.0,20.9461,0.9461,0.004325,1.1725,False
8.68,slip recovery below 0.40 mm,20.0,20.9922,0.9922,0.0047,1.1634,False
8.7,slip recovery below 0.40 mm,20.0,21.0405,1.0405,0.005109,1.1549,False
8.72,slip recovery below 0.40 mm,20.0,21.0908,1.0908,0.00553,1.1474,False
8.74,slip recovery below 0.40 mm,20.0,21.143,1.143,0.005959,1.1406,False
8.76,slip recovery below 0.40 mm,20.0,21.1967,1.1967,0.006388,1.1345,False
8.78,slip recovery below 0.40 mm,20.0,21.2515,1.2515,0.006818,1.1291,False
8.8,slip recovery below 0.40 mm,20.0,21.3074,1.3074,0.007248,1.1243,False
8.82,slip recovery below 0.40 mm,20.0,21.3638,1.3638,0.007676,1.1201,False
8.84,slip recovery below 0.40 mm,20.0,21.4206,1.4206,0.008102,1.1162,False
8.86,slip recovery below 0.40 mm,20.0,21.4775,1.4775,0.008525,1.113,False
8.88,slip recovery below 0.40 mm,20.0,21.5341,1.5341,0.008945,1.1099,False
8.9,slip recovery below 0.40 mm,20.0,21.5901,1.5901,0.00936,1.1074,False
8.92,slip recovery below 0.40 mm,20.0,21.6452,1.6452,0.00977,1.1049,False
8.94,slip recovery below 0.40 mm,20.0,21.6992,1.6992,0.010174,1.1029,False
8.96,slip recovery below 0.40 mm,20.0,21.7517,1.7517,0.010571,1.1008,False
8.98,slip recovery below 0.40 mm,20.0,21.8025,1.8025,0.010961,1.099,False
9.0,slip recovery below 0.40 mm,20.0,21.8513,1.8513,0.011342,1.0972,False
9.02,slip recovery below 0.40 mm,20.0,21.8978,1.8978,0.011715,1.0956,False
9.04,slip recovery below 0.40 mm,20.0,21.9417,1.9417,0.012078,1.094,False
9.06,slip recovery below 0.40 mm,20.0,21.9829,1.9829,0.012431,1.0926,False
9.08,slip recovery below 0.40 mm,20.0,22.0211,2.0211,0.012773,1.0911,False
9.1,slip recovery below 0.40 mm,20.0,22.0561,2.0561,0.013104,1.0897,False
9.12,slip recovery below 0.40 mm,20.0,22.0877,2.0877,0.013422,1.0883,False
9.14,slip recovery below 0.40 mm,20.0,22.1156,2.1156,0.013728,1.087,False
9.16,slip recovery below 0.40 mm,20.0,22.1398,2.1398,0.01402,1.0857,False
9.18,slip recovery below 0.40 mm,20.0,22.1601,2.1601,0.014299,1.0845,False
9.2,slip recovery below 0.40 mm,20.0,22.1764,2.1764,0.014563,1.0834,False
9.22,slip recovery below 0.40 mm,20.0,22.1885,2.1885,0.014812,1.0823,False
9.24,slip recovery below 0.40 mm,20.0,22.1965,2.1965,0.015046,1.0812,False
9.26,slip recovery below 0.40 mm,20.0,22.2001,2.2001,0.015265,1.0803,False
9.28,slip recovery below 0.40 mm,20.0,22.1994,2.1994,0.015467,1.0794,False
9.3,slip recovery below 0.40 mm,20.0,22.1943,2.1943,0.015653,1.0786,False
9.32,slip recovery below 0.40 mm,20.0,22.1849,2.1849,0.015822,1.0779,False
9.34,slip recovery below 0.40 mm,20.0,22.1712,2.1712,0.015974,1.0772,False
9.36,slip recovery below 0.40 mm,20.0,22.1532,2.1532,0.016108,1.0767,False
9.38,slip recovery below 0.40 mm,20.0,22.1309,2.1309,0.016225,1.0762,False
9.4,slip recovery below 0.40 mm,20.0,22.1045,2.1045,0.016324,1.0759,False
9.42,9x payload hold,20.0,22.0741,2.0741,0.016404,1.0757,False
9.44,9x payload hold,20.0,22.0398,2.0398,0.016467,1.0762,False
9.46,9x payload hold,20.0,22.0017,2.0017,0.016511,1.0767,False
9.48,9x payload hold,20.0,21.96,1.96,0.016537,1.0778,False
9.5,9x payload hold,20.0,21.9149,1.9149,0.016544,1.079,False
9.52,9x payload hold,20.0,21.8666,1.8666,0.016533,1.0809,False
9.54,9x payload hold,20.0,21.8153,1.8153,0.016503,1.0828,False
9.56,9x payload hold,20.0,21.7612,1.7612,0.016455,1.0852,False
9.58,9x payload hold,20.0,21.7046,1.7046,0.016388,1.0877,False
9.6,9x payload hold,20.0,21.6457,1.6457,0.016304,1.0906,False
9.62,9x payload hold,20.0,21.5848,1.5848,0.016201,1.0936,False
9.64,9x payload hold,20.0,21.5221,1.5221,0.016081,1.0968,False
9.66,9x payload hold,20.0,21.4581,1.4581,0.015942,1.1002,False
9.68,9x payload hold,20.0,21.3928,1.3928,0.015787,1.1038,False
9.7,9x payload hold,20.0,21.3268,1.3268,0.015614,1.1075,False
9.72,9x payload hold,20.0,21.2601,1.2601,0.015425,1.1113,False
9.74,9x payload hold,20.0,21.1933,1.1933,0.015219,1.1152,False
9.76,9x payload hold,20.0,21.1265,1.1265,0.014997,1.1192,False
9.78,9x payload hold,20.0,21.06,1.06,0.01476,1.1232,False
9.8,9x payload hold,20.0,20.9943,0.9943,0.014507,1.1272,False
9.82,9x payload hold,20.0,20.9295,0.9295,0.01424,1.1313,False
9.84,9x payload hold,20.0,20.8659,0.8659,0.013958,1.1354,False
9.86,9x payload hold,20.0,20.804,0.804,0.013663,1.1394,False
9.88,9x payload hold,20.0,20.7438,0.7438,0.013354,1.1434,False
9.9,9x payload hold,20.0,20.6858,0.6858,0.013033,1.1474,False
9.92,9x payload hold,20.0,20.6301,0.6301,0.0127,1.1513,False
9.94,9x payload hold,20.0,20.5771,0.5771,0.012356,1.1551,False
9.96,9x payload hold,20.0,20.5269,0.5269,0.012,1.1589,False
9.98,9x payload hold,20.0,20.4798,0.4798,0.011635,1.1625,False
10.0,9x payload hold,20.0,20.436,0.436,0.01126,1.1662,False
10.02,9x payload hold,20.0,20.3957,0.3957,0.010877,1.1695,False
10.04,9x payload hold,20.0,20.359,0.359,0.010486,1.1729,False
10.06,9x payload hold,20.0,20.3261,0.3261,0.010087,1.1761,False
10.08,9x payload hold,20.0,20.2972,0.2972,0.009682,1.1792,False
10.1,9x payload hold,20.0,20.2723,0.2723,0.009271,1.1821,False
10.12,9x payload hold,20.0,20.2515,0.2515,0.008854,1.185,False
10.14,9x payload hold,20.0,20.235,0.235,0.008434,1.1877,False
10.16,9x payload hold,20.0,20.2227,0.2227,0.00801,1.1902,False
10.18,9x payload hold,20.0,20.2147,0.2147,0.007584,1.1927,False
10.2,9x payload hold,20.0,20.2111,0.2111,0.007155,1.1965,False
10.22,9x payload hold,20.0,20.2117,0.2117,0.006725,1.2016,False
10.24,9x payload hold,20.0,20.2167,0.2167,0.006296,1.2065,False
10.26,9x payload hold,20.0,20.2258,0.2258,0.005866,1.2111,False
10.28,9x payload hold,20.0,20.2391,0.2391,0.005438,1.2155,False
10.3,9x payload hold,20.0,20.2564,0.2564,0.005012,1.2197,False
10.32,9x payload hold,20.0,20.2776,0.2776,0.004588,1.2236,False
10.34,9x payload hold,20.0,20.3027,0.3027,0.004168,1.2272,False
10.36,9x payload hold,20.0,20.3313,0.3313,0.003753,1.2304,False
10.38,9x payload hold,20.0,20.3635,0.3635,0.003343,1.2334,False
10.4,9x payload hold,20.0,20.3989,0.3989,0.002939,1.2358,False
10.42,9x payload hold,20.0,20.4373,0.4373,0.002541,1.2382,False
10.44,9x payload hold,20.0,20.4786,0.4786,0.002151,1.2398,False
10.46,9x payload hold,20.0,20.5226,0.5226,0.001769,1.2414,False
10.48,9x payload hold,20.0,20.5688,0.5688,0.001395,1.2423,False
10.5,9x payload hold,20.0,20.6172,0.6172,0.001032,1.2431,False
10.52,9x payload hold,20.0,20.6674,0.6674,0.000678,1.2434,False
10.54,9x payload hold,20.0,20.7192,0.7192,0.000335,1.2437,False
10.56,9x payload hold,20.0,20.7722,0.7722,4e-06,1.2438,False
10.58,9x payload hold,20.0,20.8262,0.8262,0.000315,1.244,False
10.6,9x payload hold,20.0,20.8808,0.8808,0.000622,1.244,False
10.62,9x payload hold,20.0,20.9358,0.9358,0.000915,1.244,False
10.64,9x payload hold,20.0,20.9909,0.9909,0.001194,1.244,False
10.66,9x payload hold,20.0,21.0458,1.0458,0.001459,1.2439,False
10.68,9x payload hold,20.0,21.1001,1.1001,0.00171,1.2437,False
10.7,9x payload hold,20.0,21.1537,1.1537,0.001945,1.2436,False
10.72,9x payload hold,20.0,21.206,1.206,0.002164,1.2434,False
10.74,9x payload hold,20.0,21.257,1.257,0.002367,1.2433,False
10.76,9x payload hold,20.0,21.3063,1.3063,0.002554,1.2431,False
10.78,9x payload hold,20.0,21.3536,1.3536,0.002724,1.243,False
10.8,9x payload hold,20.0,21.3987,1.3987,0.002877,1.2429,False
10.82,9x payload hold,20.0,21.4414,1.4414,0.003012,1.2428,False
10.84,9x payload hold,20.0,21.4813,1.4813,0.00313,1.2428,False
10.86,9x payload hold,20.0,21.5183,1.5183,0.00323,1.2429,False
10.88,9x payload hold,20.0,21.5522,1.5522,0.003312,1.243,False
10.9,9x payload hold,20.0,21.5827,1.5827,0.003376,1.2432,False
10.92,9x payload hold,20.0,21.6098,1.6098,0.003421,1.2434,False
10.94,9x payload hold,20.0,21.6332,1.6332,0.003448,1.2437,False
10.96,9x payload hold,20.0,21.6529,1.6529,0.003456,1.2441,False
10.98,9x payload hold,20.0,21.6686,1.6686,0.003446,1.2446,False
11.0,9x payload hold,20.0,21.6803,1.6803,0.003417,1.2452,False
11.02,9x payload hold,20.0,21.688,1.688,0.00337,1.2459,False
11.04,9x payload hold,20.0,21.6915,1.6915,0.003305,1.2466,False
11.06,9x payload hold,20.0,21.6909,1.6909,0.003221,1.2475,False
11.08,9x payload hold,20.0,21.6861,1.6861,0.00312,1.2484,False
11.1,9x payload hold,20.0,21.6772,1.6772,0.003,1.2494,False
11.12,9x payload hold,20.0,21.6641,1.6641,0.002863,1.2504,False
11.14,9x payload hold,20.0,21.6469,1.6469,0.002709,1.2516,False
11.16,9x payload hold,20.0,21.6258,1.6258,0.002537,1.2527,False
11.18,9x payload hold,20.0,21.6007,1.6007,0.002349,1.2539,False
11.2,9x payload hold,20.0,21.5718,1.5718,0.002144,1.2551,False
11.22,9x payload hold,20.0,21.5393,1.5393,0.001923,1.2564,False
11.24,9x payload hold,20.0,21.5033,1.5033,0.001686,1.2577,False
11.26,9x payload hold,20.0,21.4639,1.4639,0.001435,1.2589,False
11.28,9x payload hold,20.0,21.4214,1.4214,0.001168,1.2602,False
11.3,9x payload hold,20.0,21.3759,1.3759,0.000887,1.2614,False
11.32,9x payload hold,20.0,21.3277,1.3277,0.000593,1.2626,False
11.34,9x payload hold,20.0,21.2771,1.2771,0.000285,1.2637,False
11.36,9x payload hold,20.0,21.2242,1.2242,3.5e-05,1.2648,False
11.38,9x payload hold,20.0,21.1693,1.1693,0.000368,1.2659,False
11.4,9x payload hold,20.0,21.1127,1.1127,0.000711,1.2669,False
11.42,9x payload hold,20.0,21.0547,1.0547,0.001066,1.2678,False
11.44,9x payload hold,20.0,20.9956,0.9956,0.001431,1.2687,False
11.46,9x payload hold,20.0,20.9356,0.9356,0.001805,1.2695,False
11.48,9x payload hold,20.0,20.875,0.875,0.002188,1.2702,False
11.5,9x payload hold,20.0,20.8142,0.8142,0.002579,1.2709,False
11.52,9x payload hold,20.0,20.7535,0.7535,0.002977,1.2715,False
11.54,9x payload hold,20.0,20.6931,0.6931,0.003382,1.272,False
11.56,9x payload hold,20.0,20.6334,0.6334,0.003793,1.2724,False
11.58,9x payload hold,20.0,20.5747,0.5747,0.004208,1.2729,False
11.6,9x payload hold,20.0,20.5172,0.5172,0.004628,1.2732,False
11.62,9x payload hold,20.0,20.4613,0.4613,0.005052,1.2734,False
11.64,9x payload hold,20.0,20.4072,0.4072,0.005479,1.2736,False
11.66,9x payload hold,20.0,20.3552,0.3552,0.005907,1.2738,False
11.68,9x payload hold,20.0,20.3056,0.3056,0.006337,1.2739,False
11.7,9x payload hold,20.0,20.2586,0.2586,0.006767,1.2739,False
11.72,9x payload hold,20.0,20.2145,0.2145,0.007196,1.274,False
11.74,9x payload hold,20.0,20.1735,0.1735,0.007624,1.2739,False
11.76,9x payload hold,20.0,20.1358,0.1358,0.008051,1.2739,False
11.78,9x payload hold,20.0,20.1015,0.1015,0.008474,1.2738,False
11.8,9x payload hold,20.0,20.071,0.071,0.008894,1.2737,False
11.82,9x payload hold,20.0,20.0443,0.0443,0.00931,1.2736,False
11.84,dataset + hardware export,20.0,20.0216,0.0216,0.009721,1.2735,False
11.86,dataset + hardware export,20.0,20.0029,0.0029,0.010125,1.2734,False
11.88,dataset + hardware export,20.0,19.9885,0.0115,0.010523,1.2733,False
11.9,dataset + hardware export,20.0,19.9784,0.0216,0.010914,1.2733,False
11.92,dataset + hardware export,20.0,19.9726,0.0274,0.011297,1.2732,False
11.94,dataset + hardware export,20.0,19.9712,0.0288,0.01167,1.2732,False
11.96,dataset + hardware export,20.0,19.9742,0.0258,0.012035,1.2732,False
11.98,dataset + hardware export,20.0,19.9815,0.0185,0.012389,1.2732,False
12.0,dataset + hardware export,20.0,19.9933,0.0067,0.012732,1.2733,False
12.02,dataset + hardware export,20.0,20.0094,0.0094,0.013064,1.2735,False
12.04,dataset + hardware export,20.0,20.0297,0.0297,0.013384,1.2736,False
12.06,dataset + hardware export,20.0,20.0542,0.0542,0.013691,1.2739,False
12.08,dataset + hardware export,20.0,20.0828,0.0828,0.013985,1.2741,False
12.1,dataset + hardware export,20.0,20.1152,0.1152,0.014266,1.2745,False
12.12,dataset + hardware export,20.0,20.1515,0.1515,0.014532,1.2749,False
12.14,dataset + hardware export,20.0,20.1914,0.1914,0.014783,1.2754,False
12.16,dataset + hardware export,20.0,20.2346,0.2346,0.015019,1.2758,False
12.18,dataset + hardware export,20.0,20.2812,0.2812,0.015239,1.2764,False
12.2,dataset + hardware export,20.0,20.3307,0.3307,0.015444,1.2769,False
12.22,dataset + hardware export,20.0,20.383,0.383,0.015631,1.2775,False
12.24,dataset + hardware export,20.0,20.4378,0.4378,0.015802,1.2782,False
12.26,dataset + hardware export,20.0,20.4949,0.4949,0.015956,1.2788,False
12.28,dataset + hardware export,20.0,20.5539,0.5539,0.016093,1.2795,False
12.3,dataset + hardware export,20.0,20.6147,0.6147,0.016212,1.2801,False
12.32,dataset + hardware export,20.0,20.677,0.677,0.016313,1.2807,False
12.34,dataset + hardware export,20.0,20.7403,0.7403,0.016396,1.2814,False
12.36,dataset + hardware export,20.0,20.8046,0.8046,0.01646,1.282,False
12.38,dataset + hardware export,20.0,20.8693,0.8693,0.016507,1.2825,False
12.4,dataset + hardware export,20.0,20.9343,0.9343,0.016535,1.2831,False
12.42,dataset + hardware export,20.0,20.9992,0.9992,0.016544,1.2836,False
12.44,dataset + hardware export,20.0,21.0638,1.0638,0.016535,1.2841,False
12.46,dataset + hardware export,20.0,21.1276,1.1276,0.016508,1.2845,False
12.48,dataset + hardware export,20.0,21.1905,1.1905,0.016462,1.2849,False
12.5,dataset + hardware export,20.0,21.2521,1.2521,0.016397,1.2852,False
12.52,dataset + hardware export,20.0,21.3122,1.3122,0.016315,1.2855,False
12.54,dataset + hardware export,20.0,21.3704,1.3704,0.016214,1.2858,False
12.56,dataset + hardware export,20.0,21.4265,1.4265,0.016096,1.286,False
12.58,dataset + hardware export,20.0,21.4803,1.4803,0.01596,1.2862,False
12.6,dataset + hardware export,20.0,21.5314,1.5314,0.015806,1.2863,False
12.62,dataset + hardware export,20.0,21.5797,1.5797,0.015636,1.2865,False
12.64,dataset + hardware export,20.0,21.6249,1.6249,0.015449,1.2866,False
12.66,dataset + hardware export,20.0,21.6669,1.6669,0.015245,1.2867,False
12.68,dataset + hardware export,20.0,21.7054,1.7054,0.015025,1.2867,False
12.7,dataset + hardware export,20.0,21.7403,1.7403,0.014789,1.2868,False
12.72,dataset + hardware export,20.0,21.7715,1.7715,0.014538,1.2868,False
12.74,dataset + hardware export,20.0,21.7988,1.7988,0.014273,1.2868,False
12.76,dataset + hardware export,20.0,21.822,1.822,0.013993,1.2869,False
12.78,dataset + hardware export,20.0,21.8412,1.8412,0.013699,1.2869,False
12.8,dataset + hardware export,20.0,21.8562,1.8562,0.013392,1.2869,False
12.82,dataset + hardware export,20.0,21.867,1.867,0.013072,1.2869,False
12.84,dataset + hardware export,20.0,21.8736,1.8736,0.012741,1.2869,False
12.86,dataset + hardware export,20.0,21.876,1.876,0.012398,1.2869,False
12.88,dataset + hardware export,20.0,21.8741,1.8741,0.012044,1.2869,False
12.9,dataset + hardware export,20.0,21.868,1.868,0.01168,1.2869,False
12.92,dataset + hardware export,20.0,21.8578,1.8578,0.011306,1.2869,False
12.94,dataset + hardware export,20.0,21.8436,1.8436,0.010924,1.2869,False
12.96,dataset + hardware export,20.0,21.8255,1.8255,0.010533,1.2868,False
12.98,dataset + hardware export,20.0,21.8035,1.8035,0.010135,1.2868,False
13.0,dataset + hardware export,20.0,21.7779,1.7779,0.009731,1.2868,False
13.02,dataset + hardware export,20.0,21.7487,1.7487,0.00932,1.2868,False
13.04,dataset + hardware export,20.0,21.7162,1.7162,0.008905,1.2868,False
13.06,dataset + hardware export,20.0,21.6806,1.6806,0.008485,1.2868,False
13.08,dataset + hardware export,20.0,21.642,1.642,0.008061,1.2868,False
13.1,dataset + hardware export,20.0,21.6007,1.6007,0.007635,1.2868,False
13.12,dataset + hardware export,20.0,21.557,1.557,0.007207,1.2868,False
13.14,dataset + hardware export,20.0,21.511,1.511,0.006777,1.2868,False
13.16,dataset + hardware export,20.0,21.4631,1.4631,0.006347,1.2869,False
13.18,dataset + hardware export,20.0,21.4135,1.4135,0.005918,1.2869,False
13.2,dataset + hardware export,20.0,21.3625,1.3625,0.005489,1.2869,False
13.22,dataset + hardware export,20.0,21.3104,1.3104,0.005063,1.2869,False
13.24,dataset + hardware export,20.0,21.2574,1.2574,0.004639,1.287,False
13.26,dataset + hardware export,20.0,21.204,1.204,0.004219,1.287,False
13.28,dataset + hardware export,20.0,21.1503,1.1503,0.003803,1.287,False
13.3,dataset + hardware export,20.0,21.0967,1.0967,0.003392,1.287,False
13.32,dataset + hardware export,20.0,21.0434,1.0434,0.002987,1.287,False
13.34,dataset + hardware export,20.0,20.9909,0.9909,0.002589,1.2869,False
13.36,dataset + hardware export,20.0,20.9393,0.9393,0.002197,1.2868,False
13.38,dataset + hardware export,20.0,20.889,0.889,0.001814,1.2867,False
13.4,dataset + hardware export,20.0,20.8403,0.8403,0.00144,1.2866,False
13.42,dataset + hardware export,20.0,20.7934,0.7934,0.001075,1.2864,False
13.44,dataset + hardware export,20.0,20.7485,0.7485,0.00072,1.2862,False
13.46,dataset + hardware export,20.0,20.706,0.706,0.000376,1.286,False
13.48,dataset + hardware export,20.0,20.6662,0.6662,4.3e-05,1.2857,False
13.5,dataset + hardware export,20.0,20.6291,0.6291,0.000277,1.2854,False
13.52,dataset + hardware export,20.0,20.5951,0.5951,0.000585,1.285,False
13.54,dataset + hardware export,20.0,20.5643,0.5643,0.00088,1.2846,False
13.56,dataset + hardware export,20.0,20.537,0.537,0.001161,1.2842,False
13.58,dataset + hardware export,20.0,20.5132,0.5132,0.001428,1.2837,False
13.6,dataset + hardware export,20.0,20.4933,0.4933,0.00168,1.2833,False
13.62,dataset + hardware export,20.0,20.4771,0.4771,0.001917,1.2828,False
13.64,dataset + hardware export,20.0,20.465,0.465,0.002139,1.2823,False
13.66,dataset + hardware export,20.0,20.4569,0.4569,0.002344,1.2818,False
13.68,dataset + hardware export,20.0,20.453,0.453,0.002533,1.2814,False
13.7,dataset + hardware export,20.0,20.4533,0.4533,0.002705,1.2809,False
13.72,dataset + hardware export,20.0,20.4578,0.4578,0.00286,1.2805,False
13.74,dataset + hardware export,20.0,20.4666,0.4666,0.002997,1.2801,False
13.76,dataset + hardware export,20.0,20.4795,0.4795,0.003117,1.2797,False
13.78,dataset + hardware export,20.0,20.4966,0.4966,0.003219,1.2794,False
13.8,dataset + hardware export,20.0,20.5178,0.5178,0.003303,1.2791,False
13.82,dataset + hardware export,20.0,20.5431,0.5431,0.003369,1.2788,False
13.84,dataset + hardware export,20.0,20.5723,0.5723,0.003416,1.2786,False
13.86,dataset + hardware export,20.0,20.6053,0.6053,0.003445,1.2784,False
13.88,dataset + hardware export,20.0,20.6419,0.6419,0.003456,1.2783,False
13.9,dataset + hardware export,20.0,20.6821,0.6821,0.003448,1.2782,False
13.92,dataset + hardware export,20.0,20.7256,0.7256,0.003422,1.2782,False
13.94,dataset + hardware export,20.0,20.7723,0.7723,0.003377,1.2782,False
