stage_id,operator_step,pass_condition,abort_condition,artifact
preflight_artifact_check,"Confirm command stream, bridge packets, safety case, and replay report are present.",All artifacts exist and match the registration UUID.,Any artifact is missing or UUID does not match.,dataset/hardware_adaptation_path.json
joint_zero_calibration,"Home all 15 joints, record zero offsets, and keep torque disabled.",Joint position feedback is stable within 0.01 rad for 2 seconds.,Any joint reports encoder drift above 0.02 rad.,hardware_transfer.json
motor_disabled_packet_replay,Replay the first 100 packets with motors disabled and watchdog enabled.,No packet misses the 80 ms watchdog window.,Any watchdog miss or malformed packet.,dataset/robot_execution_packets.jsonl
low_torque_single_finger_sweep,Enable low-torque mode and sweep thumb/index/middle joints at 25 percent pressure.,Current stays below 1.8 A and encoder tracking error stays below 0.03 rad.,"Current limit, unexpected contact, or encoder tracking violation.",dataset/ros2_joint_trajectory_sample.json
five_finger_mirror_replay,Replay the full five-finger trajectory in free space at 50 percent pressure.,698 packets replay with 0 safety stops and p95 loop jitter below 3.5 ms.,"Any safety stop, current violation, or loop jitter above 3.5 ms.",dataset/hardware_replay_trial_report.json
vial_contact_trial,"Introduce a capped vial, close until five-finger contact confidence is stable.",Normal force remains below 6 N and slip estimate stays below 2.5 mm.,"Pressure above 6 N, slip above 2.5 mm, or contact loss.",dataset/tactile_feedback_report.json
cap_twist_trial,Run the cap-twist segment at low torque with thumb/index/middle alternation.,Cap rotation target exceeds 216 degrees with no safety-stop packets.,"Cap stalls, contact loss, or any safety stop.",outputs/summary.json
slip_recovery_trial,Inject a mild slip disturbance and verify tactile pressure boost recovery.,Residual slip recovers to 0.42 mm or lower.,Slip exceeds 2.5 mm or recovery does not converge.,dataset/real_world_condition_eval.json
post_trial_safety_review,"Archive packets, current trace, encoder trace, and safety-stop counter.",Trial log shows 0 safety stops and all acceptance gates pass.,Any gate is incomplete or any safety-stop packet occurred.,dataset/robot_trial_acceptance_checklist.csv
