time_s,phase,slip_estimate_mm,thumb_touch_n,thumb_shear_mm,thumb_friction_margin,thumb_contact_confidence,index_touch_n,index_shear_mm,index_friction_margin,index_contact_confidence,middle_touch_n,middle_shear_mm,middle_friction_margin,middle_contact_confidence,ring_touch_n,ring_shear_mm,ring_friction_margin,ring_contact_confidence,little_touch_n,little_shear_mm,little_friction_margin,little_contact_confidence
0.0,scene ready,0.34,0.0804,0.0,0.0257,0.1941,0.0915,0.0,0.0293,0.1961,0.0795,0.0,0.0254,0.1939,0.0494,0.0,0.0158,0.1887,0.0459,0.0,0.0147,0.1881
0.0417,scene ready,0.34,0.0804,0.0,0.0257,0.1941,0.0915,0.0,0.0293,0.1961,0.0795,0.0,0.0254,0.1939,0.0494,0.0,0.0158,0.1887,0.0459,0.0,0.0147,0.1881
0.0833,scene ready,0.34,0.0804,0.0,0.0257,0.1941,0.0915,0.0,0.0293,0.1961,0.0795,0.0,0.0254,0.1939,0.0494,0.0,0.0158,0.1887,0.0459,0.0,0.0147,0.1881
0.125,scene ready,0.34,0.0804,0.0,0.0257,0.1941,0.0915,0.0,0.0293,0.1961,0.0795,0.0,0.0254,0.1939,0.0494,0.0,0.0158,0.1887,0.0459,0.0,0.0147,0.1881
0.1667,scene ready,0.34,0.0804,0.0,0.0257,0.1941,0.0915,0.0,0.0293,0.1961,0.0795,0.0,0.0254,0.1939,0.0494,0.0,0.0158,0.1887,0.0459,0.0,0.0147,0.1881
0.2083,scene ready,0.34,0.0804,0.0,0.0257,0.1941,0.0915,0.0,0.0293,0.1961,0.0795,0.0,0.0254,0.1939,0.0494,0.0,0.0158,0.1887,0.0459,0.0,0.0147,0.1881
0.25,scene ready,0.34,0.0804,0.0,0.0257,0.1941,0.0915,0.0,0.0293,0.1961,0.0795,0.0,0.0254,0.1939,0.0494,0.0,0.0158,0.1887,0.0459,0.0,0.0147,0.1881
0.2917,scene ready,0.34,0.0804,0.0,0.0257,0.1941,0.0915,0.0,0.0293,0.1961,0.0795,0.0,0.0254,0.1939,0.0494,0.0,0.0158,0.1887,0.0459,0.0,0.0147,0.1881
0.3333,scene ready,0.34,0.0804,0.0,0.0257,0.1941,0.0915,0.0,0.0293,0.1961,0.0795,0.0,0.0254,0.1939,0.0494,0.0,0.0158,0.1887,0.0459,0.0,0.0147,0.1881
0.375,scene ready,0.34,0.0804,0.0,0.0257,0.1941,0.0915,0.0,0.0293,0.1961,0.0795,0.0,0.0254,0.1939,0.0494,0.0,0.0158,0.1887,0.0459,0.0,0.0147,0.1881
0.4167,scene ready,0.34,0.0804,0.0,0.0257,0.1941,0.0915,0.0,0.0293,0.1961,0.0795,0.0,0.0254,0.1939,0.0494,0.0,0.0158,0.1887,0.0459,0.0,0.0147,0.1881
0.4583,scene ready,0.34,0.0804,0.0,0.0257,0.1941,0.0915,0.0,0.0293,0.1961,0.0795,0.0,0.0254,0.1939,0.0494,0.0,0.0158,0.1887,0.0459,0.0,0.0147,0.1881
0.5,scene ready,0.34,0.0804,0.0,0.0257,0.1941,0.0915,0.0,0.0293,0.1961,0.0795,0.0,0.0254,0.1939,0.0494,0.0,0.0158,0.1887,0.0459,0.0,0.0147,0.1881
0.5417,scene ready,0.34,0.0804,0.0,0.0257,0.1941,0.0915,0.0,0.0293,0.1961,0.0795,0.0,0.0254,0.1939,0.0494,0.0,0.0158,0.1887,0.0459,0.0,0.0147,0.1881
0.5833,scene ready,0.34,0.0804,0.0,0.0257,0.1941,0.0915,0.0,0.0293,0.1961,0.0795,0.0,0.0254,0.1939,0.0494,0.0,0.0158,0.1887,0.0459,0.0,0.0147,0.1881
0.625,scene ready,0.34,0.0804,0.0,0.0257,0.1941,0.0915,0.0,0.0293,0.1961,0.0795,0.0,0.0254,0.1939,0.0494,0.0,0.0158,0.1887,0.0459,0.0,0.0147,0.1881
0.6667,scene ready,0.34,0.0804,0.0,0.0257,0.1941,0.0915,0.0,0.0293,0.1961,0.0795,0.0,0.0254,0.1939,0.0494,0.0,0.0158,0.1887,0.0459,0.0,0.0147,0.1881
0.7083,scene ready,0.34,0.0804,0.0,0.0257,0.1941,0.0915,0.0,0.0293,0.1961,0.0795,0.0,0.0254,0.1939,0.0494,0.0,0.0158,0.1887,0.0459,0.0,0.0147,0.1881
0.75,scene ready,0.34,0.0804,0.0,0.0257,0.1941,0.0915,0.0,0.0293,0.1961,0.0795,0.0,0.0254,0.1939,0.0494,0.0,0.0158,0.1887,0.0459,0.0,0.0147,0.1881
0.7917,scene ready,0.34,0.0804,0.0,0.0257,0.1941,0.0915,0.0,0.0293,0.1961,0.0795,0.0,0.0254,0.1939,0.0494,0.0,0.0158,0.1887,0.0459,0.0,0.0147,0.1881
0.8333,scene ready,0.34,0.0804,0.0,0.0257,0.1941,0.0915,0.0,0.0293,0.1961,0.0795,0.0,0.0254,0.1939,0.0494,0.0,0.0158,0.1887,0.0459,0.0,0.0147,0.1881
0.875,scene ready,0.34,0.0804,0.0,0.0257,0.1941,0.0915,0.0,0.0293,0.1961,0.0795,0.0,0.0254,0.1939,0.0494,0.0,0.0158,0.1887,0.0459,0.0,0.0147,0.1881
0.9167,scene ready,0.34,0.0804,0.0,0.0257,0.1941,0.0915,0.0,0.0293,0.1961,0.0795,0.0,0.0254,0.1939,0.0494,0.0,0.0158,0.1887,0.0459,0.0,0.0147,0.1881
0.9583,scene ready,0.34,0.0804,0.0,0.0257,0.1941,0.0915,0.0,0.0293,0.1961,0.0795,0.0,0.0254,0.1939,0.0494,0.0,0.0158,0.1887,0.0459,0.0,0.0147,0.1881
1.0,scene ready,0.34,0.0804,0.0,0.0257,0.1941,0.0915,0.0,0.0293,0.1961,0.0795,0.0,0.0254,0.1939,0.0494,0.0,0.0158,0.1887,0.0459,0.0,0.0147,0.1881
1.0417,scene ready,0.34,0.0804,0.0,0.0257,0.1941,0.0915,0.0,0.0293,0.1961,0.0795,0.0,0.0254,0.1939,0.0494,0.0,0.0158,0.1887,0.0459,0.0,0.0147,0.1881
1.0833,scene ready,0.34,0.0804,0.0,0.0257,0.1941,0.0915,0.0,0.0293,0.1961,0.0795,0.0,0.0254,0.1939,0.0494,0.0,0.0158,0.1887,0.0459,0.0,0.0147,0.1881
1.125,scene ready,0.34,0.0804,0.0,0.0257,0.1941,0.0915,0.0,0.0293,0.1961,0.0795,0.0,0.0254,0.1939,0.0494,0.0,0.0158,0.1887,0.0459,0.0,0.0147,0.1881
1.1667,scene ready,0.34,0.0804,0.0,0.0257,0.1941,0.0915,0.0,0.0293,0.1961,0.0795,0.0,0.0254,0.1939,0.0494,0.0,0.0158,0.1887,0.0459,0.0,0.0147,0.1881
1.2083,scene ready,0.34,0.0804,0.0,0.0257,0.1941,0.0916,0.0,0.0293,0.1961,0.0795,0.0,0.0255,0.194,0.0494,0.0,0.0158,0.1887,0.046,0.0,0.0147,0.1881
1.25,scene ready,0.34,0.0831,0.0,0.0266,0.1946,0.0947,0.0,0.0303,0.1966,0.0822,0.0,0.0263,0.1944,0.0511,0.0,0.0163,0.189,0.0475,0.0,0.0152,0.1883
1.2917,scene ready,0.34,0.0895,0.0,0.0286,0.1957,0.102,0.0,0.0326,0.1979,0.0885,0.0,0.0283,0.1955,0.055,0.0,0.0176,0.1896,0.0511,0.0,0.0164,0.189
1.3333,scene ready,0.34,0.0997,0.0,0.0319,0.1975,0.1135,0.0,0.0363,0.1999,0.0985,0.0,0.0315,0.1973,0.0612,0.0,0.0196,0.1907,0.0569,0.0,0.0182,0.19
1.375,scene ready,0.34,0.1136,0.0,0.0364,0.1999,0.1294,0.0,0.0414,0.2027,0.1123,0.0,0.0359,0.1997,0.0698,0.0,0.0223,0.1922,0.0649,0.0,0.0208,0.1914
1.4167,scene ready,0.34,0.1315,0.0,0.0421,0.2031,0.1497,0.0,0.0479,0.2063,0.13,0.0,0.0416,0.2028,0.0808,0.0,0.0258,0.1942,0.0751,0.0,0.024,0.1932
1.4583,scene ready,0.34,0.1534,0.0,0.0491,0.2069,0.1747,0.0,0.0559,0.2107,0.1517,0.0,0.0485,0.2066,0.0942,0.0,0.0302,0.1965,0.0876,0.0,0.028,0.1954
1.5,closed-loop five-finger grasp,0.34,0.1796,0.0,0.0575,0.2115,0.2046,0.0,0.0655,0.2159,0.1776,0.0,0.0568,0.2112,0.1103,0.0,0.0353,0.1994,0.1026,0.0,0.0328,0.198
1.5417,closed-loop five-finger grasp,0.34,0.2103,0.0,0.0673,0.2169,0.2396,0.0,0.0767,0.222,0.208,0.0,0.0666,0.2165,0.1292,0.0,0.0414,0.2027,0.1202,0.0,0.0385,0.2011
1.5833,closed-loop five-finger grasp,0.34,0.2458,0.0,0.0787,0.2231,0.28,0.0,0.0896,0.2291,0.2431,0.0,0.0778,0.2226,0.151,0.0,0.0483,0.2065,0.1405,0.0,0.0449,0.2046
1.625,closed-loop five-finger grasp,0.34,0.2863,0.0,0.0916,0.2302,0.3262,0.0,0.1044,0.2372,0.2831,0.0,0.0906,0.2297,0.1759,0.0,0.0563,0.2109,0.1636,0.0,0.0524,0.2087
1.6667,closed-loop five-finger grasp,0.34,0.3321,0.0,0.1063,0.2383,0.3783,0.0,0.121,0.2464,0.3284,0.0,0.1051,0.2376,0.204,0.0,0.0653,0.2158,0.1897,0.0,0.0607,0.2133
1.7083,closed-loop five-finger grasp,0.34,0.3833,0.0,0.1227,0.2472,0.4366,0.0,0.1397,0.2566,0.379,0.0,0.1213,0.2465,0.2355,0.0,0.0754,0.2213,0.219,0.0,0.0701,0.2184
1.75,closed-loop five-finger grasp,0.34,0.4402,0.0,0.1409,0.2572,0.5015,0.0,0.1605,0.268,0.4353,0.0,0.1393,0.2564,0.2704,0.0,0.0865,0.2274,0.2515,0.0,0.0805,0.2241
1.7917,closed-loop five-finger grasp,0.34,0.503,0.0,0.161,0.2683,0.573,0.0,0.1834,0.2805,0.4974,0.0,0.1592,0.2673,0.309,0.0,0.0989,0.2342,0.2874,0.0,0.092,0.2304
1.8333,closed-loop five-finger grasp,0.34,0.5719,0.0,0.183,0.2803,0.6515,0.0,0.2085,0.2943,0.5655,0.0,0.181,0.2792,0.3513,0.0,0.1124,0.2416,0.3268,0.0,0.1046,0.2373
1.875,closed-loop five-finger grasp,0.34,0.6469,0.0,0.207,0.2935,0.7369,0.0,0.2358,0.3093,0.6397,0.0,0.2047,0.2922,0.3974,0.0,0.1272,0.2497,0.3696,0.0,0.1183,0.2448
1.9167,closed-loop five-finger grasp,0.34,0.7282,0.0,0.233,0.3077,0.8295,0.0,0.2654,0.3255,0.7201,0.0,0.2304,0.3063,0.4473,0.0,0.1432,0.2585,0.4161,0.0,0.1331,0.253
1.9583,closed-loop five-finger grasp,0.34,0.8157,0.0,0.261,0.3231,0.9292,0.0,0.2973,0.343,0.8066,0.0,0.2581,0.3215,0.5011,0.0,0.1604,0.2679,0.4661,0.0,0.1491,0.2618
2.0,closed-loop five-finger grasp,0.34,0.9094,0.0,0.291,0.3395,1.036,0.0,0.3315,0.3617,0.8993,0.0,0.2878,0.3378,0.5587,0.0,0.1788,0.278,0.5196,0.0,0.1663,0.2712
2.0417,closed-loop five-finger grasp,0.34,1.0093,0.0,0.323,0.3571,1.1497,0.0,0.3679,0.3817,0.998,0.0,0.3194,0.3551,0.62,0.0,0.1984,0.2888,0.5767,0.0,0.1845,0.2812
2.0833,closed-loop five-finger grasp,0.34,1.1151,0.0,0.3568,0.3756,1.2703,0.0,0.4065,0.4029,1.1027,0.0,0.3529,0.3735,0.6851,0.0,0.2192,0.3002,0.6372,0.0,0.2039,0.2918
2.125,closed-loop five-finger grasp,0.34,1.2268,0.0,0.3926,0.3952,1.3975,0.0,0.4472,0.4252,1.2131,0.0,0.3882,0.3928,0.7537,0.0,0.2412,0.3122,0.701,0.0,0.2243,0.303
2.1667,closed-loop five-finger grasp,0.34,1.3439,0.0,0.43,0.4158,1.5309,0.0,0.4899,0.4486,1.3289,0.0,0.4253,0.4131,0.8256,0.0,0.2642,0.3248,0.7679,0.0,0.2457,0.3147
2.2083,closed-loop five-finger grasp,0.34,1.4662,0.0,0.4692,0.4372,1.6702,0.0,0.5345,0.473,1.4498,0.0,0.4639,0.4344,0.9007,0.0,0.2882,0.338,0.8377,0.0,0.2681,0.327
2.25,closed-loop five-finger grasp,0.34,1.5932,0.0,0.5098,0.4595,1.8149,0.0,0.5808,0.4984,1.5754,0.0,0.5041,0.4564,0.9788,0.0,0.3132,0.3517,0.9103,0.0,0.2913,0.3397
2.2917,closed-loop five-finger grasp,0.34,1.7245,0.0,0.5518,0.4825,1.9645,0.0,0.6286,0.5246,1.7053,0.0,0.5457,0.4792,1.0594,0.0,0.339,0.3659,0.9854,0.0,0.3153,0.3529
2.3333,closed-loop five-finger grasp,0.34,1.8595,0.0,0.595,0.5062,2.1183,0.0,0.6778,0.5516,1.8388,0.0,0.5884,0.5026,1.1424,0.0,0.3656,0.3804,1.0625,0.0,0.34,0.3664
2.375,closed-loop five-finger grasp,0.34,1.9976,0.0,0.6392,0.5305,2.2756,0.0,0.7282,0.5792,1.9754,0.0,0.6321,0.5266,1.2272,0.0,0.3927,0.3953,1.1414,0.0,0.3653,0.3803
2.4167,closed-loop five-finger grasp,0.34,2.1382,0.0,0.6842,0.5551,2.4358,0.0,0.7794,0.6073,2.1144,0.0,0.6766,0.5509,1.3136,0.0,0.4204,0.4105,1.2218,0.0,0.391,0.3943
2.4583,closed-loop five-finger grasp,0.34,2.2805,0.0,0.7298,0.5801,2.5979,0.0,0.8313,0.6358,2.2551,0.0,0.7216,0.5756,1.401,0.0,0.4483,0.4258,1.3031,0.0,0.417,0.4086
2.5,closed-loop five-finger grasp,0.34,2.4237,0.0,0.7756,0.6052,2.761,0.0,0.8835,0.6644,2.3967,0.0,0.7669,0.6005,1.489,0.0,0.4765,0.4412,1.3849,0.0,0.4432,0.423
2.5417,closed-loop five-finger grasp,0.34,2.567,0.0,0.8214,0.6303,2.9242,0.0,0.9357,0.693,2.5384,0.0,0.8123,0.6253,1.577,0.0,0.5046,0.4567,1.4667,0.0,0.4694,0.4373
2.5833,closed-loop five-finger grasp,0.34,2.7094,0.0,0.867,0.6553,3.0865,0.0,0.9877,0.7215,2.6792,0.0,0.8574,0.65,1.6645,0.0,0.5326,0.472,1.5481,0.0,0.4954,0.4516
2.625,closed-loop five-finger grasp,0.34,2.8501,0.0,0.912,0.68,3.2467,0.0,1.0389,0.7496,2.8183,0.0,0.9019,0.6744,1.7509,0.0,0.5603,0.4872,1.6285,0.0,0.5211,0.4657
2.6667,closed-loop five-finger grasp,0.34,2.9879,0.0,0.9561,0.7042,3.4037,0.0,1.0892,0.7771,2.9546,0.0,0.9455,0.6984,1.8356,0.0,0.5874,0.502,1.7073,0.0,0.5463,0.4795
2.7083,closed-loop five-finger grasp,0.34,3.122,0.0,0.999,0.7277,3.5564,0.0,1.1381,0.8039,3.0872,0.0,0.9879,0.7216,1.918,0.0,0.6137,0.5165,1.7839,0.0,0.5708,0.493
2.75,closed-loop five-finger grasp,0.34,3.2511,0.0,1.0404,0.7504,3.7036,0.0,1.1851,0.8297,3.2149,0.0,1.0288,0.744,1.9973,0.0,0.6391,0.5304,1.8577,0.0,0.5945,0.5059
2.7917,closed-loop five-finger grasp,0.34,3.3744,0.0,1.0798,0.772,3.8439,0.0,1.2301,0.8544,3.3368,0.0,1.0678,0.7654,2.073,0.0,0.6634,0.5437,1.9281,0.0,0.617,0.5183
2.8333,closed-loop five-finger grasp,0.34,3.4905,0.0,1.117,0.7924,3.9763,0.0,1.2724,0.8776,3.4517,0.0,1.1045,0.7856,2.1444,0.0,0.6862,0.5562,1.9945,0.0,0.6382,0.5299
2.875,closed-loop five-finger grasp,0.34,3.5986,0.0,1.1515,0.8113,4.0993,0.0,1.3118,0.8992,3.5585,0.0,1.1387,0.8043,2.2108,0.0,0.7074,0.5679,2.0562,0.0,0.658,0.5407
2.9167,closed-loop five-finger grasp,0.34,3.6973,0.0,1.1831,0.8287,4.2118,0.0,1.3478,0.9189,3.6561,0.0,1.17,0.8214,2.2714,0.0,0.7269,0.5785,2.1126,0.0,0.676,0.5506
2.9583,closed-loop five-finger grasp,0.34,3.7857,0.0,1.2114,0.8442,4.3125,0.0,1.38,0.9366,3.7435,0.0,1.1979,0.8368,2.3257,0.0,0.7442,0.588,2.1631,0.0,0.6922,0.5595
3.0,closed-loop five-finger grasp,0.34,3.8626,0.0,1.236,0.8577,4.4002,0.0,1.408,0.952,3.8196,0.0,1.2223,0.8501,2.373,0.0,0.7594,0.5963,2.2071,0.0,0.7063,0.5672
3.0417,closed-loop five-finger grasp,0.34,3.9271,0.0,1.2567,0.869,4.4736,0.0,1.4315,0.9648,3.8833,0.0,1.2427,0.8613,2.4126,0.0,0.772,0.6033,2.2439,0.0,0.718,0.5737
3.0833,closed-loop five-finger grasp,0.34,3.978,0.0,1.273,0.8779,4.5316,0.0,1.4501,0.975,3.9337,0.0,1.2588,0.8701,2.4439,0.0,0.782,0.6088,2.273,0.0,0.7274,0.5788
3.125,closed-loop five-finger grasp,0.34,4.0145,0.0,1.2846,0.8843,4.5732,0.0,1.4634,0.9823,3.9698,0.0,1.2703,0.8765,2.4663,0.0,0.7892,0.6127,2.2938,0.0,0.734,0.5824
3.1667,closed-loop five-finger grasp,0.34,4.0357,0.0,1.2914,0.888,4.5972,0.0,1.4711,0.9865,3.9907,0.0,1.277,0.8801,2.4793,0.0,0.7934,0.615,2.3059,0.0,0.7379,0.5845
3.2083,closed-loop five-finger grasp,0.34,4.041,0.0,1.2931,0.8889,4.6033,0.0,1.4731,0.9876,3.9959,0.0,1.2787,0.881,2.4825,0.0,0.7944,0.6155,2.309,0.0,0.7389,0.5851
3.25,closed-loop five-finger grasp,0.34,4.041,0.0,1.2931,0.8889,4.6033,0.0,1.4731,0.9876,3.9959,0.0,1.2787,0.881,2.4825,0.0,0.7944,0.6155,2.309,0.0,0.7389,0.5851
3.2917,closed-loop five-finger grasp,0.34,4.041,0.0,1.2931,0.8889,4.6033,0.0,1.4731,0.9876,3.9959,0.0,1.2787,0.881,2.4825,0.0,0.7944,0.6155,2.309,0.0,0.7389,0.5851
3.3333,closed-loop five-finger grasp,0.34,4.041,0.0,1.2931,0.8889,4.6033,0.0,1.4731,0.9876,3.9959,0.0,1.2787,0.881,2.4825,0.0,0.7944,0.6155,2.309,0.0,0.7389,0.5851
3.375,closed-loop five-finger grasp,0.34,4.041,0.0,1.2931,0.8889,4.6033,0.0,1.4731,0.9876,3.9959,0.0,1.2787,0.881,2.4825,0.0,0.7944,0.6155,2.309,0.0,0.7389,0.5851
3.4167,closed-loop five-finger grasp,0.34,4.075,0.0,1.304,0.8949,4.609,0.0,1.4749,0.9886,3.9672,0.0,1.2695,0.876,2.4685,0.0,0.7899,0.6131,2.3253,0.0,0.7441,0.5879
3.4583,closed-loop five-finger grasp,0.34,4.1596,0.0,1.3311,0.9098,4.6182,0.0,1.4778,0.9902,3.8936,0.0,1.246,0.8631,2.437,0.0,0.7799,0.6076,2.3688,0.0,0.758,0.5956
3.5,cap rotation + tactile feedback,0.34,4.2432,0.0,1.3578,0.9244,4.6196,0.0,1.4783,0.9905,3.8181,0.0,1.2218,0.8498,2.411,0.0,0.7715,0.603,2.4157,0.0,0.773,0.6038
3.5417,cap rotation + tactile feedback,0.34,4.3249,0.0,1.384,0.9388,4.6135,0.0,1.4763,0.9894,3.7413,0.0,1.1972,0.8364,2.3907,0.0,0.765,0.5994,2.4655,0.0,0.789,0.6126
3.5833,cap rotation + tactile feedback,0.34,4.404,0.0,1.4093,0.9526,4.5998,0.0,1.4719,0.987,3.6639,0.0,1.1725,0.8228,2.3763,0.0,0.7604,0.5969,2.518,0.0,0.8057,0.6217
3.625,cap rotation + tactile feedback,0.34,4.4798,0.0,1.4335,0.9659,4.5786,0.0,1.4652,0.9833,3.5867,0.0,1.1477,0.8093,2.3678,0.0,0.7577,0.5954,2.5724,0.0,0.8232,0.6313
3.6667,cap rotation + tactile feedback,0.34,4.5515,0.0001,1.4564,0.9785,4.5502,0.0002,1.456,0.9783,3.5104,0.0002,1.1232,0.7959,2.3655,0.0002,0.7569,0.595,2.6285,0.0002,0.841,0.6411
3.7083,cap rotation + tactile feedback,0.34,4.6186,0.0004,1.4778,0.9903,4.5148,0.0004,1.4446,0.9721,3.4356,0.0005,1.0992,0.7827,2.3692,0.0005,0.7579,0.5957,2.6856,0.0006,0.8591,0.6512
3.75,cap rotation + tactile feedback,0.34,4.6804,0.0007,1.4974,1.0,4.4728,0.0008,1.4309,0.9647,3.363,0.0009,1.0758,0.77,2.379,0.001,0.7609,0.5974,2.7432,0.0011,0.8773,0.6613
3.7917,cap rotation + tactile feedback,0.34,4.7363,0.0012,1.5151,1.0,4.4244,0.0013,1.4153,0.9562,3.2934,0.0015,1.0533,0.7578,2.3948,0.0016,0.7657,0.6001,2.8008,0.0018,0.8955,0.6714
3.8333,cap rotation + tactile feedback,0.34,4.7858,0.0017,1.5307,1.0,4.3702,0.0019,1.3977,0.9467,3.2273,0.0022,1.0318,0.7462,2.4165,0.0024,0.7723,0.6039,2.8578,0.0026,0.9134,0.6814
3.875,cap rotation + tactile feedback,0.34,4.8285,0.0024,1.5441,1.0,4.3107,0.0027,1.3783,0.9363,3.1654,0.003,1.0117,0.7353,2.4438,0.0033,0.7806,0.6087,2.9138,0.0036,0.9309,0.6912
3.9167,cap rotation + tactile feedback,0.34,4.8639,0.0031,1.5551,1.0,4.2464,0.0035,1.3574,0.925,3.1082,0.0039,0.993,0.7253,2.4764,0.0044,0.7906,0.6145,2.9682,0.0048,0.9478,0.7007
3.9583,cap rotation + tactile feedback,0.34,4.8918,0.0039,1.5637,1.0,4.1779,0.0045,1.335,0.913,3.0562,0.005,0.9759,0.7162,2.5142,0.0055,0.8022,0.6211,3.0206,0.0061,0.964,0.7099
4.0,cap rotation + tactile feedback,0.34,4.9119,0.0049,1.5698,1.0,4.1058,0.0055,1.3115,0.9003,3.01,0.0062,0.9606,0.7081,2.5566,0.0069,0.8152,0.6285,3.0703,0.0075,0.9793,0.7187
4.0417,cap rotation + tactile feedback,0.34,4.924,0.0059,1.5732,1.0,4.0308,0.0067,1.287,0.8872,2.9699,0.0075,0.9472,0.701,2.6035,0.0083,0.8296,0.6368,3.1171,0.0091,0.9937,0.7269
4.0833,cap rotation + tactile feedback,0.34,4.928,0.007,1.574,1.0,3.9536,0.0079,1.2618,0.8736,2.9363,0.0089,0.9359,0.6951,2.6542,0.0099,0.8452,0.6457,3.1604,0.0108,1.0068,0.7345
4.125,cap rotation + tactile feedback,0.34,4.9239,0.0082,1.5722,1.0,3.8748,0.0093,1.236,0.8598,2.9096,0.0104,0.9267,0.6905,2.7085,0.0115,0.8619,0.6552,3.1999,0.0126,1.0187,0.7414
4.1667,cap rotation + tactile feedback,0.34,4.9116,0.0095,1.5677,1.0,3.7953,0.0107,1.21,0.8458,2.8899,0.012,0.9197,0.687,2.7656,0.0133,0.8794,0.6652,3.2352,0.0146,1.0291,0.7476
4.2083,cap rotation + tactile feedback,0.34,4.8914,0.0108,1.5607,1.0,3.7157,0.0123,1.1839,0.8319,2.8775,0.0137,0.915,0.6848,2.8252,0.0152,0.8977,0.6757,3.266,0.0167,1.0381,0.753
4.25,cap rotation + tactile feedback,0.34,4.8633,0.0122,1.5511,1.0,3.6367,0.0139,1.1579,0.818,2.8724,0.0156,0.9126,0.6839,2.8867,0.0172,0.9165,0.6864,3.2919,0.0189,1.0455,0.7575
4.2917,cap rotation + tactile feedback,0.34,4.8277,0.0137,1.5391,1.0,3.5592,0.0156,1.1324,0.8044,2.8748,0.0175,0.9126,0.6844,2.9495,0.0193,0.9357,0.6975,3.3128,0.0212,1.0512,0.7612
4.3333,cap rotation + tactile feedback,0.34,4.7849,0.0153,1.5248,1.0,3.4838,0.0174,1.1075,0.7912,2.8846,0.0195,0.9149,0.6861,3.0131,0.0216,0.9551,0.7086,3.3285,0.0236,1.0552,0.764
4.375,cap rotation + tactile feedback,0.34,4.7353,0.0169,1.5082,1.0,3.4111,0.0193,1.0835,0.7784,2.9016,0.0216,0.9195,0.6891,3.0768,0.0239,0.9745,0.7198,3.3388,0.0262,1.0574,0.7658
4.4167,cap rotation + tactile feedback,0.34,4.6793,0.0186,1.4895,1.0,3.3419,0.0212,1.0605,0.7663,2.9258,0.0237,0.9263,0.6933,3.1401,0.0263,0.9938,0.7309,3.3436,0.0288,1.0579,0.7666
4.4583,cap rotation + tactile feedback,0.34,4.6174,0.0204,1.469,0.9901,3.2768,0.0232,1.0388,0.7549,2.9569,0.026,0.9353,0.6988,3.2024,0.0288,1.0127,0.7418,3.3429,0.0316,1.0565,0.7665
4.5,cap rotation + tactile feedback,0.34,4.5503,0.0222,1.4467,0.9783,3.2165,0.0253,1.0186,0.7443,2.9947,0.0283,0.9464,0.7054,3.2631,0.0313,1.031,0.7525,3.3367,0.0344,1.0533,0.7654
4.5417,cap rotation + tactile feedback,0.34,4.4784,0.0241,1.423,0.9657,3.1613,0.0274,1.0001,0.7346,3.0387,0.0307,0.9595,0.7131,3.3217,0.034,1.0487,0.7628,3.325,0.0373,1.0483,0.7633
4.5833,cap rotation + tactile feedback,0.34,4.4026,0.0261,1.3979,0.9524,3.1119,0.0296,0.9834,0.726,3.0887,0.0332,0.9744,0.7219,3.3776,0.0368,1.0654,0.7726,3.308,0.0403,1.0416,0.7603
4.625,cap rotation + tactile feedback,0.34,4.3234,0.0281,1.3717,0.9385,3.0688,0.0319,0.9686,0.7184,3.144,0.0357,0.9911,0.7316,3.4303,0.0396,1.0811,0.7818,3.2858,0.0434,1.0332,0.7564
4.6667,cap rotation + tactile feedback,0.34,4.2417,0.0301,1.3447,0.9242,3.0322,0.0342,0.9559,0.712,3.2043,0.0383,1.0093,0.7422,3.4794,0.0425,1.0956,0.7904,3.2586,0.0466,1.0232,0.7517
4.7083,cap rotation + tactile feedback,0.34,4.1581,0.0322,1.3171,0.9095,3.0025,0.0366,0.9454,0.7068,3.269,0.041,1.0288,0.7535,3.5243,0.0454,1.1087,0.7983,3.2266,0.0498,1.0116,0.7461
4.75,cap rotation + tactile feedback,0.34,4.0734,0.0344,1.2891,0.8946,2.9801,0.0391,0.9372,0.7028,3.3374,0.0437,1.0496,0.7655,3.5647,0.0484,1.1204,0.8054,3.1902,0.0531,0.9986,0.7397
4.7917,cap rotation + tactile feedback,0.34,3.9884,0.0366,1.2609,0.8797,2.9651,0.0415,0.9314,0.7002,3.409,0.0465,1.0713,0.7781,3.6003,0.0515,1.1304,0.8116,3.1497,0.0565,0.9842,0.7326
4.8333,cap rotation + tactile feedback,0.34,3.904,0.0388,1.233,0.8649,2.9577,0.0441,0.9279,0.6989,3.483,0.0494,1.0938,0.7911,3.6305,0.0547,1.1388,0.8169,3.1054,0.0599,0.9686,0.7248
4.875,cap rotation + tactile feedback,0.34,3.8207,0.041,1.2054,0.8503,2.9578,0.0466,0.9269,0.6989,3.5589,0.0522,1.1169,0.8044,3.6553,0.0578,1.1454,0.8213,3.0579,0.0634,0.9519,0.7165
4.9167,cap rotation + tactile feedback,0.34,3.7395,0.0434,1.1784,0.8361,2.9656,0.0493,0.9283,0.7003,3.6359,0.0552,1.1403,0.8179,3.6744,0.0611,1.1501,0.8246,3.0074,0.067,0.9342,0.7076
4.9583,cap rotation + tactile feedback,0.34,3.6611,0.0457,1.1524,0.8223,2.981,0.0519,0.9321,0.703,3.7133,0.0581,1.1638,0.8314,3.6875,0.0644,1.153,0.8269,2.9545,0.0706,0.9158,0.6983
5.0,cap rotation + tactile feedback,0.34,3.5861,0.048,1.1274,0.8091,3.0037,0.0546,0.9383,0.707,3.7903,0.0611,1.1872,0.845,3.6946,0.0677,1.1538,0.8282,2.8996,0.0743,0.8967,0.6887
5.0417,cap rotation + tactile feedback,0.34,3.5153,0.0504,1.1037,0.7967,3.0337,0.0573,0.9467,0.7122,3.8664,0.0642,1.2103,0.8583,3.6957,0.0711,1.1528,0.8284,2.8433,0.0779,0.8771,0.6788
5.0833,cap rotation + tactile feedback,0.34,3.4494,0.0529,1.0816,0.7852,3.0706,0.0601,0.9574,0.7187,3.9408,0.0673,1.2328,0.8714,3.6906,0.0745,1.1497,0.8275,2.786,0.0817,0.8572,0.6688
5.125,cap rotation + tactile feedback,0.34,3.3888,0.0553,1.0612,0.7745,3.1141,0.0628,0.9701,0.7263,4.0127,0.0704,1.2545,0.884,3.6795,0.0779,1.1447,0.8255,2.7284,0.0855,0.8372,0.6587
5.1667,cap rotation + tactile feedback,0.34,3.3343,0.0578,1.0427,0.765,3.1637,0.0656,0.9848,0.735,4.0817,0.0735,1.2753,0.8961,3.6624,0.0814,1.1378,0.8225,2.6709,0.0893,0.8172,0.6486
5.2083,cap rotation + tactile feedback,0.34,3.2862,0.0602,1.0263,0.7565,3.2191,0.0684,1.0014,0.7448,4.1469,0.0767,1.2948,0.9075,3.6395,0.0849,1.129,0.8185,2.614,0.0931,0.7974,0.6386
5.25,cap rotation + tactile feedback,0.34,3.2451,0.0627,1.0121,0.7493,3.2797,0.0713,1.0196,0.7554,4.2078,0.0798,1.313,0.9182,3.611,0.0884,1.1184,0.8135,2.5583,0.0969,0.778,0.6288
5.2917,cap rotation + tactile feedback,0.34,3.2113,0.0652,1.0002,0.7434,3.345,0.0741,1.0393,0.7668,4.264,0.083,1.3296,0.9281,3.5772,0.0919,1.1061,0.8076,2.5043,0.1008,0.7591,0.6194
5.3333,cap rotation + tactile feedback,0.34,3.1851,0.0677,0.9908,0.7388,3.4144,0.077,1.0603,0.779,4.3147,0.0862,1.3445,0.937,3.5384,0.0954,1.0922,0.8008,2.4525,0.1047,0.7408,0.6103
5.375,cap rotation + tactile feedback,0.34,3.1667,0.0703,0.9838,0.7356,3.4871,0.0798,1.0824,0.7918,4.3596,0.0894,1.3575,0.9448,3.4949,0.099,1.0768,0.7931,2.4033,0.1086,0.7235,0.6016
5.4167,cap rotation + tactile feedback,0.34,3.1564,0.0728,0.9795,0.7337,3.5627,0.0827,1.1053,0.805,4.3983,0.0926,1.3686,0.9516,3.4472,0.1026,1.06,0.7848,2.3573,0.1125,0.7071,0.5936
5.4583,cap rotation + tactile feedback,0.34,3.1541,0.0753,0.9777,0.7334,3.6403,0.0856,1.129,0.8187,4.4304,0.0958,1.3775,0.9573,3.3956,0.1061,1.042,0.7757,2.3148,0.1164,0.6918,0.5861
5.5,cap rotation + tactile feedback,0.34,3.16,0.0778,0.9785,0.7344,3.7193,0.0884,1.153,0.8325,4.4556,0.0991,1.3842,0.9617,3.3407,0.1097,1.023,0.7661,2.2762,0.1203,0.6779,0.5793
5.5417,cap rotation + tactile feedback,0.34,3.174,0.0804,0.9819,0.7369,3.7989,0.0913,1.1773,0.8465,4.4737,0.1023,1.3886,0.9649,3.283,0.1132,1.003,0.756,2.2418,0.1242,0.6652,0.5733
5.5833,cap rotation + tactile feedback,0.34,3.196,0.0829,0.9879,0.7407,3.8784,0.0942,1.2015,0.8604,4.4846,0.1055,1.3908,0.9668,3.2229,0.1168,0.9823,0.7454,2.2121,0.1281,0.6541,0.5681
5.625,cap rotation + tactile feedback,0.34,3.2257,0.0854,0.9964,0.7459,3.9571,0.097,1.2255,0.8742,4.488,0.1087,1.3905,0.9674,3.1611,0.1203,0.961,0.7346,2.1872,0.132,0.6445,0.5637
5.6667,cap rotation + tactile feedback,0.34,3.2629,0.0879,1.0072,0.7524,4.0343,0.0999,1.249,0.8878,4.484,0.1118,1.3879,0.9667,3.0981,0.1238,0.9394,0.7235,2.1674,0.1358,0.6365,0.5603
5.7083,cap rotation + tactile feedback,0.34,3.3072,0.0904,1.0204,0.7602,4.1092,0.1027,1.2718,0.9009,4.4727,0.115,1.3829,0.9647,3.0345,0.1273,0.9175,0.7124,2.1529,0.1397,0.6303,0.5577
5.75,cap rotation + tactile feedback,0.34,3.3583,0.0928,1.0357,0.7692,4.1811,0.1055,1.2936,0.9135,4.454,0.1182,1.3757,0.9614,2.9708,0.1308,0.8957,0.7012,2.1438,0.1435,0.6258,0.5561
5.7917,cap rotation + tactile feedback,0.34,3.4156,0.0953,1.053,0.7792,4.2494,0.1083,1.3143,0.9255,4.4283,0.1213,1.3661,0.9569,2.9077,0.1343,0.8741,0.6901,2.1402,0.1473,0.623,0.5555
5.8333,cap rotation + tactile feedback,0.34,3.4787,0.0977,1.0721,0.7903,4.3136,0.111,1.3337,0.9368,4.3957,0.1244,1.3544,0.9512,2.8457,0.1377,0.8528,0.6792,2.1421,0.151,0.6221,0.5558
5.875,cap rotation + tactile feedback,0.34,3.5469,0.1001,1.093,0.8023,4.3728,0.1138,1.3515,0.9472,4.3565,0.1274,1.3406,0.9443,2.7854,0.1411,0.8321,0.6687,2.1496,0.1547,0.6229,0.5571
5.9167,cap rotation + tactile feedback,0.34,3.6197,0.1025,1.1153,0.815,4.4268,0.1165,1.3676,0.9566,4.3112,0.1305,1.3248,0.9363,2.7273,0.1444,0.8121,0.6585,2.1624,0.1584,0.6254,0.5594
5.9583,cap rotation + tactile feedback,0.34,3.6963,0.1049,1.1388,0.8285,4.4748,0.1192,1.3819,0.9651,4.26,0.1335,1.3072,0.9274,2.6721,0.1477,0.793,0.6488,2.1806,0.162,0.6297,0.5626
6.0,cap rotation + tactile feedback,0.34,3.7761,0.1072,1.1633,0.8425,4.5166,0.1218,1.3942,0.9724,4.2035,0.1364,1.2878,0.9175,2.6201,0.151,0.775,0.6397,2.2039,0.1656,0.6357,0.5667
6.0417,cap rotation + tactile feedback,0.34,3.8583,0.1095,1.1887,0.8569,4.5517,0.1244,1.4043,0.9785,4.1422,0.1393,1.267,0.9067,2.5719,0.1542,0.7582,0.6312,2.2322,0.1692,0.6432,0.5716
6.0833,cap rotation + tactile feedback,0.34,3.9422,0.1117,1.2146,0.8716,4.5798,0.1269,1.4122,0.9835,4.0767,0.1422,1.2448,0.8952,2.5279,0.1574,0.7428,0.6235,2.2651,0.1726,0.6523,0.5774
6.125,cap rotation + tactile feedback,0.34,4.027,0.1139,1.2408,0.8865,4.6006,0.1295,1.4178,0.9871,4.0076,0.145,1.2215,0.8831,2.4885,0.1605,0.7289,0.6166,2.3025,0.1761,0.6628,0.5839
6.1667,cap rotation + tactile feedback,0.34,4.112,0.1161,1.2671,0.9014,4.614,0.1319,1.4211,0.9895,3.9354,0.1478,1.1973,0.8704,2.4541,0.1636,0.7166,0.6105,2.3438,0.1794,0.6747,0.5912
6.2083,cap rotation + tactile feedback,0.34,4.1963,0.1182,1.2932,0.9162,4.6197,0.1343,1.4219,0.9905,3.8609,0.1505,1.1723,0.8573,2.425,0.1666,0.706,0.6054,2.3888,0.1827,0.6877,0.5991
6.25,cap rotation + tactile feedback,0.34,4.2791,0.1203,1.3188,0.9307,4.6179,0.1367,1.4203,0.9902,3.7847,0.1531,1.1468,0.844,2.4015,0.1695,0.6973,0.6013,2.4371,0.1859,0.7018,0.6076
6.2917,cap rotation + tactile feedback,0.34,4.3598,0.1223,1.3438,0.9449,4.6085,0.139,1.4163,0.9885,3.7076,0.1557,1.121,0.8305,2.3837,0.1724,0.6904,0.5982,2.4881,0.189,0.7168,0.6165
6.3333,cap rotation + tactile feedback,0.34,4.4375,0.1243,1.3678,0.9585,4.5915,0.1413,1.4099,0.9855,3.6302,0.1582,1.0952,0.8169,2.3718,0.1752,0.6854,0.5961,2.5415,0.1921,0.7326,0.6259
6.375,cap rotation + tactile feedback,0.34,4.5116,0.1262,1.3907,0.9715,4.5671,0.1434,1.4012,0.9812,3.5533,0.1607,1.0696,0.8034,2.3661,0.1779,0.6824,0.5951,2.5967,0.1951,0.749,0.6356
6.4167,cap rotation + tactile feedback,0.34,4.5814,0.1281,1.4123,0.9838,4.5356,0.1456,1.3903,0.9757,3.4775,0.163,1.0443,0.7901,2.3664,0.1805,0.6814,0.5952,2.6533,0.198,0.7659,0.6455
6.4583,cap rotation + tactile feedback,0.34,4.6462,0.1299,1.4322,0.9951,4.4973,0.1476,1.3771,0.969,3.4036,0.1653,1.0197,0.7771,2.3728,0.183,0.6824,0.5963,2.7107,0.2008,0.7831,0.6556
6.5,cap rotation + tactile feedback,0.34,4.7055,0.1316,1.4505,1.0,4.4524,0.1496,1.3619,0.9611,3.3323,0.1675,0.996,0.7646,2.3852,0.1855,0.6854,0.5985,2.7683,0.2034,0.8004,0.6657
6.5417,cap rotation + tactile feedback,0.34,4.7587,0.1333,1.4668,1.0,4.4015,0.1515,1.3448,0.9522,3.2641,0.1697,0.9732,0.7526,2.4036,0.1879,0.6902,0.6017,2.8258,0.206,0.8177,0.6757
6.5833,cap rotation + tactile feedback,0.34,4.8053,0.1349,1.481,1.0,4.3449,0.1533,1.326,0.9423,3.1997,0.1717,0.9518,0.7414,2.4277,0.1901,0.697,0.6059,2.8824,0.2085,0.8348,0.6857
6.625,cap rotation + tactile feedback,0.34,4.8448,0.1365,1.493,1.0,4.2832,0.1551,1.3055,0.9314,3.1398,0.1737,0.9318,0.7308,2.4574,0.1923,0.7056,0.6111,2.9378,0.2109,0.8515,0.6954
6.6667,cap rotation + tactile feedback,0.34,4.877,0.138,1.5027,1.0,4.217,0.1568,1.2836,0.9198,3.0848,0.1756,0.9134,0.7212,2.4923,0.1944,0.7159,0.6172,2.9913,0.2132,0.8677,0.7048
6.7083,cap rotation + tactile feedback,0.34,4.9016,0.1393,1.51,1.0,4.1468,0.1583,1.2605,0.9075,3.0353,0.1774,0.8968,0.7125,2.5321,0.1964,0.7278,0.6242,3.0426,0.2154,0.8832,0.7138
6.75,cap rotation + tactile feedback,0.34,4.9182,0.1407,1.5147,1.0,4.0734,0.1598,1.2363,0.8946,2.9917,0.179,0.8822,0.7049,2.5766,0.1982,0.7413,0.632,3.0911,0.2174,0.8979,0.7223
6.7917,cap rotation + tactile feedback,0.34,4.9267,0.1419,1.517,1.0,3.9973,0.1613,1.2114,0.8813,2.9544,0.1806,0.8696,0.6983,2.6252,0.2,0.7561,0.6406,3.1365,0.2193,0.9116,0.7303
6.8333,cap rotation + tactile feedback,0.34,4.9272,0.1431,1.5166,1.0,3.9193,0.1626,1.1859,0.8676,2.9238,0.1821,0.8591,0.6929,2.6775,0.2016,0.7721,0.6497,3.1782,0.2211,0.9242,0.7376
6.875,cap rotation + tactile feedback,0.34,4.9195,0.1441,1.5137,1.0,3.8402,0.1638,1.1601,0.8537,2.9001,0.1834,0.851,0.6888,2.7331,0.2031,0.7893,0.6595,3.2159,0.2227,0.9355,0.7442
6.9167,cap rotation + tactile feedback,0.34,4.9038,0.1451,1.5083,1.0,3.7605,0.1649,1.1341,0.8397,2.8836,0.1847,0.8452,0.6859,2.7914,0.2045,0.8074,0.6697,3.2492,0.2243,0.9456,0.75
6.9583,cap rotation + tactile feedback,0.34,4.8801,0.146,1.5003,1.0,3.6811,0.1659,1.1083,0.8258,2.8744,0.1858,0.8418,0.6843,2.8519,0.2057,0.8262,0.6803,3.2779,0.2256,0.9542,0.7551
7.0,cap rotation + tactile feedback,0.34,4.8487,0.1468,1.4899,1.0,3.6027,0.1668,1.0828,0.8121,2.8726,0.1868,0.8407,0.684,2.914,0.2069,0.8456,0.6912,3.3017,0.2269,0.9612,0.7592
7.0417,cap rotation + tactile feedback,0.34,4.8099,0.1475,1.4772,1.0,3.526,0.1676,1.0579,0.7986,2.8782,0.1877,0.8422,0.6849,2.9772,0.2079,0.8654,0.7023,3.3203,0.228,0.9668,0.7625
7.0833,cap rotation + tactile feedback,0.34,4.7641,0.1481,1.4623,1.0,3.4517,0.1683,1.0338,0.7856,2.8911,0.1885,0.846,0.6872,3.0409,0.2087,0.8854,0.7135,3.3337,0.2289,0.9706,0.7649
7.125,cap rotation + tactile feedback,0.34,4.7116,0.1486,1.4453,1.0,3.3805,0.1689,1.0108,0.7731,2.9113,0.1892,0.8522,0.6908,3.1045,0.2094,0.9055,0.7247,3.3416,0.2297,0.9728,0.7662
7.1667,cap rotation + tactile feedback,0.34,4.6531,0.149,1.4264,0.9963,3.313,0.1694,0.989,0.7612,2.9386,0.1897,0.8607,0.6955,3.1675,0.21,0.9254,0.7357,3.344,0.2303,0.9734,0.7667
7.2083,cap rotation + tactile feedback,0.34,4.5889,0.1493,1.4057,0.9851,3.25,0.1697,0.9687,0.7502,2.9727,0.1901,0.8714,0.7015,3.2292,0.2104,0.945,0.7465,3.341,0.2308,0.9722,0.7661
7.25,cap rotation + tactile feedback,0.34,4.5197,0.1495,1.3835,0.9729,3.1919,0.1699,0.9501,0.74,3.0133,0.1903,0.8843,0.7087,3.2892,0.2107,0.964,0.757,3.3325,0.2311,0.9693,0.7646
7.2917,cap rotation + tactile feedback,0.34,4.4464,0.1496,1.36,0.9601,3.1394,0.17,0.9332,0.7308,3.0602,0.1904,0.8993,0.7169,3.3469,0.2108,0.9825,0.7672,3.3186,0.2312,0.9649,0.7622
7.3333,cap rotation + tactile feedback,0.34,4.3695,0.1496,1.3354,0.9466,3.0931,0.17,0.9184,0.7226,3.113,0.1904,0.9162,0.7261,3.4019,0.2108,1.0001,0.7768,3.2997,0.2312,0.9588,0.7589
7.375,cap rotation + tactile feedback,0.34,4.29,0.1496,1.31,0.9326,3.0534,0.17,0.9057,0.7157,3.1713,0.1904,0.9348,0.7364,3.4538,0.2108,1.0167,0.7859,3.276,0.2312,0.9512,0.7547
7.4167,slip recovery below 0.40 mm,0.34,4.209,0.1496,1.2841,0.9184,3.021,0.17,0.8953,0.71,3.2348,0.1904,0.9552,0.7475,3.5026,0.2108,1.0323,0.7945,3.248,0.2312,0.9423,0.7498
7.4583,slip recovery below 0.40 mm,0.34,4.1276,0.1496,1.258,0.9041,2.9965,0.17,0.8875,0.7057,3.3035,0.1904,0.9772,0.7596,3.5481,0.2108,1.0468,0.8025,3.2163,0.2312,0.9321,0.7443
7.5,slip recovery below 0.40 mm,0.34,4.0473,0.1496,1.2323,0.89,2.9807,0.17,0.8824,0.7029,3.3774,0.1904,1.0008,0.7725,3.5906,0.2108,1.0604,0.8099,3.1816,0.2312,0.921,0.7382
7.5417,slip recovery below 0.40 mm,0.34,3.9696,0.1496,1.2074,0.8764,2.9745,0.17,0.8804,0.7018,3.4568,0.1904,1.0262,0.7865,3.6307,0.2108,1.0733,0.817,3.1452,0.2312,0.9094,0.7318
7.5833,slip recovery below 0.40 mm,0.34,3.8966,0.1496,1.1841,0.8636,2.9791,0.17,0.8819,0.7026,3.5424,0.1904,1.0536,0.8015,3.6695,0.2108,1.0857,0.8238,3.1083,0.2312,0.8976,0.7253
7.625,slip recovery below 0.40 mm,0.34,3.8304,0.1496,1.1629,0.852,2.9958,0.17,0.8873,0.7056,3.6355,0.1904,1.0834,0.8178,3.7083,0.2108,1.0981,0.8306,3.0726,0.2312,0.8861,0.7191
7.6667,slip recovery below 0.40 mm,0.34,3.7737,0.1496,1.1447,0.842,3.0266,0.17,0.8971,0.711,3.7377,0.1904,1.1161,0.8357,3.7492,0.2108,1.1112,0.8377,3.0399,0.2312,0.8757,0.7133
7.7083,slip recovery below 0.40 mm,0.34,3.7289,0.1496,1.1304,0.8342,3.0732,0.17,0.912,0.7192,3.8513,0.1904,1.1524,0.8557,3.7941,0.2108,1.1256,0.8456,3.0123,0.2312,0.8668,0.7085
7.75,slip recovery below 0.40 mm,0.34,3.6987,0.1496,1.1208,0.8289,3.1381,0.17,0.9328,0.7306,3.9786,0.1904,1.1932,0.878,3.8456,0.2108,1.1421,0.8547,2.9917,0.2312,0.8602,0.7049
7.7917,slip recovery below 0.40 mm,0.3412,3.6854,0.1501,1.1163,0.8266,3.2235,0.1706,0.9599,0.7455,4.1223,0.1911,1.2389,0.9032,3.9056,0.2115,1.161,0.8652,2.9797,0.232,0.8561,0.7028
7.8333,slip recovery below 0.40 mm,0.4677,3.6908,0.2058,1.0946,0.8275,3.3311,0.2339,0.9677,0.7644,4.2842,0.2619,1.2609,0.9316,3.9757,0.29,1.1504,0.8775,2.9775,0.318,0.8192,0.7024
7.875,slip recovery below 0.40 mm,0.6222,3.7154,0.2738,1.074,0.8318,3.4622,0.3111,0.9772,0.7874,4.4652,0.3484,1.2825,0.9634,4.056,0.3857,1.1359,0.8916,2.9854,0.4231,0.7776,0.7038
7.9167,slip recovery below 0.40 mm,0.8031,3.7588,0.3534,1.0544,0.8394,3.6166,0.4016,0.9887,0.8145,4.6644,0.4498,1.3037,0.9983,4.1452,0.4979,1.1173,0.9072,3.0024,0.5461,0.7314,0.7067
7.9583,slip recovery below 0.40 mm,1.0061,3.8188,0.4427,1.0361,0.85,3.7926,0.503,1.0024,0.8454,4.8785,0.5634,1.3245,1.0,4.24,0.6238,1.0948,0.9239,3.0266,0.6841,0.6812,0.711
8.0,slip recovery below 0.40 mm,1.223,3.8919,0.5381,1.0194,0.8628,3.9862,0.6115,1.0188,0.8793,5.1014,0.6849,1.3448,1.0,4.3348,0.7582,1.0687,0.9405,3.0545,0.8316,0.6282,0.7159
8.0417,slip recovery below 0.40 mm,1.4426,3.973,0.6348,1.0048,0.877,4.1915,0.7213,1.0383,0.9154,5.3242,0.8079,1.3644,1.0,4.4226,0.8944,1.0396,0.9559,3.0819,0.981,0.5742,0.7207
8.0833,slip recovery below 0.40 mm,1.6514,4.0559,0.7266,0.9927,0.8916,4.4003,0.8257,1.0613,0.952,5.536,0.9248,1.3831,1.0,4.4951,1.0239,1.0084,0.9686,3.1041,1.123,0.5217,0.7246
8.125,slip recovery below 0.40 mm,1.8345,4.134,0.8072,0.9839,0.9053,4.603,0.9173,1.0877,0.9875,5.7244,1.0273,1.4003,1.0,4.5439,1.1374,0.9763,0.9772,3.1161,1.2475,0.4732,0.7267
8.1667,slip recovery below 0.40 mm,1.9776,4.2008,0.8701,0.9788,0.917,4.7894,0.9888,1.1173,1.0,5.8772,1.1074,1.4156,1.0,4.5614,1.2261,0.9447,0.9802,3.114,1.3447,0.4317,0.7263
8.2083,slip recovery below 0.40 mm,2.0687,4.2508,0.9102,0.978,0.9258,4.9498,1.0343,1.1495,1.0,5.95,1.1585,1.4174,1.0,4.5423,1.2826,0.9148,0.9769,3.0947,1.4067,0.3995,0.7229
8.25,slip recovery below 0.40 mm,2.1,4.2802,0.924,0.9816,0.9309,5.0764,1.05,1.1835,1.0,5.95,1.176,1.4101,1.0,4.484,1.302,0.888,0.9667,3.057,1.428,0.3785,0.7163
8.2917,slip recovery below 0.40 mm,2.0625,4.2871,0.9075,0.9907,0.9321,5.164,1.0312,1.2194,1.0,5.95,1.155,1.4189,1.0,4.3873,1.2787,0.8669,0.9497,3.0015,1.4025,0.3714,0.7066
8.3333,slip recovery below 0.40 mm,1.9544,4.2722,0.86,1.0059,0.9295,5.211,0.9772,1.2571,1.0,5.95,1.0945,1.4443,1.0,4.2564,1.2118,0.8531,0.9267,2.9307,1.329,0.3796,0.6942
8.375,slip recovery below 0.40 mm,1.7875,4.2384,0.7865,1.026,0.9236,5.2192,0.8937,1.2948,1.0,5.868,1.001,1.4574,1.0,4.0981,1.1082,0.8459,0.899,2.8482,1.2155,0.4009,0.6797
8.4167,slip recovery below 0.40 mm,1.5781,4.1904,0.6944,1.0493,0.9152,5.194,0.7891,1.3307,1.0,5.721,0.8837,1.4596,1.0,3.9209,0.9784,0.8438,0.8679,2.759,1.0731,0.4322,0.664
8.4583,slip recovery below 0.40 mm,1.3452,4.1343,0.5919,1.0744,0.9053,5.1431,0.6726,1.3633,1.0,5.5461,0.7533,1.4583,1.0,3.7343,0.834,0.8447,0.8351,2.6682,0.9148,0.4696,0.6481
8.5,slip recovery below 0.40 mm,1.1073,4.0765,0.4872,1.0999,0.8952,5.0754,0.5537,1.3916,1.0,5.3553,0.6201,1.4533,1.0,3.5469,0.6865,0.8467,0.8023,2.5809,0.753,0.5096,0.6328
8.5417,slip recovery below 0.40 mm,0.8802,4.0235,0.3873,1.1248,0.8859,4.9999,0.4401,1.4151,1.0,5.16,0.4929,1.4442,1.0,3.3665,0.5457,0.8481,0.7706,2.5016,0.5986,0.5491,0.6189
8.5833,slip recovery below 0.40 mm,0.6758,3.9805,0.2973,1.1489,0.8783,4.9248,0.3379,1.434,1.0,4.9694,0.3784,1.4313,1.0,3.1989,0.419,0.8477,0.7412,2.4336,0.4595,0.5858,0.607
8.625,slip recovery below 0.40 mm,0.501,3.9516,0.2204,1.1719,0.8733,4.856,0.2505,1.4487,1.0,4.7902,0.2806,1.415,1.0,3.0478,0.3106,0.8448,0.7147,2.3794,0.3407,0.6183,0.5974
8.6667,slip recovery below 0.40 mm,0.3587,3.9393,0.1578,1.1943,0.8711,4.7975,0.1794,1.4599,1.0,4.6261,0.2009,1.396,0.9916,2.9149,0.2224,0.8393,0.6914,2.3399,0.2439,0.6463,0.5905
8.7083,slip recovery below 0.40 mm,0.34,3.9443,0.1496,1.1994,0.872,4.7511,0.17,1.4489,1.0,4.4784,0.1904,1.3531,0.9657,2.8006,0.2108,0.8076,0.6713,2.3155,0.2312,0.6439,0.5862
8.75,slip recovery below 0.40 mm,0.34,3.9662,0.1496,1.2063,0.8758,4.7164,0.17,1.4379,1.0,4.3466,0.1904,1.3109,0.9426,2.7039,0.2108,0.7767,0.6544,2.3054,0.2312,0.6406,0.5845
8.7917,slip recovery below 0.40 mm,0.34,4.0032,0.1496,1.2182,0.8823,4.6919,0.17,1.43,1.0,4.2287,0.1904,1.2732,0.9219,2.6232,0.2108,0.7509,0.6402,2.3085,0.2312,0.6416,0.585
8.8333,slip recovery below 0.40 mm,0.34,4.053,0.1496,1.2341,0.8911,4.6749,0.17,1.4246,1.0,4.1221,0.1904,1.2391,0.9032,2.5567,0.2108,0.7296,0.6285,2.3232,0.2312,0.6463,0.5876
8.875,slip recovery below 0.40 mm,0.34,4.1129,0.1496,1.2533,0.9016,4.6627,0.17,1.4207,0.998,4.0241,0.1904,1.2078,0.886,2.5026,0.2108,0.7123,0.619,2.3479,0.2312,0.6542,0.5919
8.9167,slip recovery below 0.40 mm,0.34,4.1801,0.1496,1.2748,0.9134,4.6522,0.17,1.4173,0.9962,3.9325,0.1904,1.1784,0.8699,2.4591,0.2108,0.6984,0.6114,2.3808,0.2312,0.6648,0.5977
8.9583,slip recovery below 0.40 mm,0.34,4.2521,0.1496,1.2978,0.926,4.6411,0.17,1.4137,0.9942,3.8454,0.1904,1.1506,0.8546,2.4251,0.2108,0.6875,0.6055,2.4206,0.2312,0.6775,0.6047
9.0,slip recovery below 0.40 mm,0.34,4.3263,0.1496,1.3216,0.939,4.6272,0.17,1.4093,0.9918,3.7613,0.1904,1.1237,0.8399,2.3995,0.2108,0.6793,0.601,2.4657,0.2312,0.6919,0.6126
9.0417,slip recovery below 0.40 mm,0.34,4.4009,0.1496,1.3455,0.9521,4.6091,0.17,1.4035,0.9886,3.6795,0.1904,1.0975,0.8255,2.3815,0.2108,0.6735,0.5978,2.5151,0.2312,0.7077,0.6212
9.0833,slip recovery below 0.40 mm,0.34,4.4742,0.1496,1.3689,0.965,4.5857,0.17,1.396,0.9845,3.5997,0.1904,1.0719,0.8115,2.3706,0.2108,0.6701,0.5959,2.5676,0.2312,0.7245,0.6305
9.125,slip recovery below 0.40 mm,0.34,4.5448,0.1496,1.3915,0.9773,4.5564,0.17,1.3866,0.9794,3.5217,0.1904,1.047,0.7978,2.3665,0.2108,0.6688,0.5952,2.6225,0.2312,0.7421,0.6401
9.1667,slip recovery below 0.40 mm,0.34,4.6115,0.1496,1.4128,0.989,4.5208,0.17,1.3753,0.9731,3.4458,0.1904,1.0227,0.7845,2.369,0.2108,0.6695,0.5956,2.6789,0.2312,0.7602,0.65
9.2083,slip recovery below 0.40 mm,0.34,4.6734,0.1496,1.4327,0.9999,4.479,0.17,1.3619,0.9658,3.3726,0.1904,0.9992,0.7717,2.3778,0.2108,0.6723,0.5972,2.7362,0.2312,0.7785,0.66
9.25,slip recovery below 0.40 mm,0.34,4.7298,0.1496,1.4507,1.0,4.4312,0.17,1.3466,0.9574,3.3023,0.1904,0.9768,0.7593,2.3927,0.2108,0.6771,0.5998,2.7936,0.2312,0.7969,0.6701
9.2917,slip recovery below 0.40 mm,0.34,4.78,0.1496,1.4668,1.0,4.3776,0.17,1.3294,0.948,3.2356,0.1904,0.9554,0.7476,2.4135,0.2108,0.6838,0.6034,2.8507,0.2312,0.8151,0.6801
9.3333,slip recovery below 0.40 mm,0.34,4.8235,0.1496,1.4807,1.0,4.3186,0.17,1.3106,0.9377,3.1731,0.1904,0.9354,0.7367,2.44,0.2108,0.6923,0.6081,2.9068,0.2312,0.8331,0.69
9.375,slip recovery below 0.40 mm,0.34,4.8598,0.1496,1.4923,1.0,4.2549,0.17,1.2902,0.9265,3.1152,0.1904,0.9169,0.7265,2.472,0.2108,0.7025,0.6137,2.9614,0.2312,0.8505,0.6995
9.4167,9x payload hold,0.34,4.8894,0.1496,1.5018,1.0,4.1874,0.17,1.2686,0.9147,3.0629,0.1904,0.9002,0.7174,2.5094,0.2108,0.7145,0.6203,3.0145,0.2312,0.8675,0.7089
9.4583,9x payload hold,0.34,4.918,0.1496,1.5109,1.0,4.122,0.17,1.2476,0.904,3.0205,0.1904,0.8866,0.7107,2.5552,0.2108,0.7291,0.6291,3.0693,0.2312,0.8851,0.7193
9.5,9x payload hold,0.34,4.9464,0.1496,1.52,1.0,4.0597,0.17,1.2277,0.8946,2.9888,0.1904,0.8764,0.7067,2.6097,0.2108,0.7466,0.6402,3.1262,0.2312,0.9033,0.7308
9.5417,9x payload hold,0.34,4.9738,0.1496,1.5288,1.0,4.0004,0.17,1.2087,0.8864,2.9676,0.1904,0.8697,0.7052,2.6722,0.2108,0.7666,0.6534,3.1845,0.2312,0.9219,0.7432
9.5833,9x payload hold,0.34,4.9995,0.1496,1.537,1.0,3.9438,0.17,1.1906,0.8793,2.9567,0.1904,0.8662,0.7061,2.7423,0.2108,0.789,0.6685,3.2435,0.2312,0.9408,0.7564
9.625,9x payload hold,0.34,5.0226,0.1496,1.5444,1.0,3.8898,0.17,1.1733,0.8733,2.9561,0.1904,0.866,0.7095,2.8194,0.2108,0.8137,0.6855,3.3026,0.2312,0.9597,0.7702
9.6667,9x payload hold,0.34,5.0424,0.1496,1.5507,1.0,3.8384,0.17,1.1569,0.8682,2.9657,0.1904,0.8691,0.7151,2.9027,0.2108,0.8403,0.704,3.361,0.2312,0.9784,0.7844
9.7083,9x payload hold,0.34,5.0581,0.1496,1.5558,1.0,3.7897,0.17,1.1413,0.864,2.9853,0.1904,0.8753,0.7229,2.9917,0.2108,0.8688,0.724,3.4178,0.2312,0.9966,0.7988
9.75,9x payload hold,0.34,5.0692,0.1496,1.5593,1.0,3.7437,0.17,1.1266,0.8607,3.0148,0.1904,0.8848,0.7328,3.0854,0.2108,0.8988,0.7452,3.4725,0.2312,1.0141,0.8131
9.7917,9x payload hold,0.34,5.075,0.1496,1.5612,1.0,3.7005,0.17,1.1127,0.8582,3.0539,0.1904,0.8973,0.7448,3.1832,0.2108,0.9301,0.7675,3.5242,0.2312,1.0306,0.8273
9.8333,9x payload hold,0.34,5.075,0.1496,1.5612,1.0,3.6603,0.17,1.0999,0.8565,3.1026,0.1904,0.9129,0.7586,3.2842,0.2108,0.9624,0.7905,3.5722,0.2312,1.046,0.841
9.875,9x payload hold,0.34,5.0687,0.1496,1.5591,1.0,3.6235,0.17,1.0881,0.8555,3.1605,0.1904,0.9314,0.7743,3.3873,0.2108,0.9954,0.8141,3.6157,0.2312,1.0599,0.8542
9.9167,9x payload hold,0.34,5.0557,0.1496,1.555,1.0,3.5903,0.17,1.0775,0.8553,3.2271,0.1904,0.9527,0.7916,3.4916,0.2108,1.0288,0.838,3.6542,0.2312,1.0722,0.8665
9.9583,9x payload hold,0.34,5.036,0.1496,1.5487,1.0,3.5611,0.17,1.0681,0.8559,3.3022,0.1904,0.9767,0.8105,3.596,0.2108,1.0622,0.862,3.6869,0.2312,1.0827,0.878
10.0,9x payload hold,0.34,5.0092,0.1496,1.5401,1.0,3.5361,0.17,1.0601,0.8572,3.3851,0.1904,1.0033,0.8307,3.6994,0.2108,1.0953,0.8858,3.7133,0.2312,1.0912,0.8883
10.0417,9x payload hold,0.34,4.9755,0.1496,1.5293,1.0,3.5157,0.17,1.0536,0.8592,3.4753,0.1904,1.0321,0.8521,3.8007,0.2108,1.1277,0.9092,3.7329,0.2312,1.0974,0.8973
10.0833,9x payload hold,0.34,4.9349,0.1496,1.5163,1.0,3.5003,0.17,1.0487,0.8619,3.5719,0.1904,1.063,0.8745,3.8988,0.2108,1.1591,0.9318,3.7452,0.2312,1.1013,0.9049
10.125,9x payload hold,0.34,4.8877,0.1496,1.5012,1.0,3.4902,0.17,1.0455,0.8654,3.6741,0.1904,1.0957,0.8976,3.9924,0.2108,1.189,0.9535,3.7498,0.2312,1.1028,0.9109
10.1667,9x payload hold,0.34,4.8341,0.1496,1.4841,1.0,3.4856,0.17,1.044,0.8695,3.7808,0.1904,1.1299,0.9213,4.0804,0.2108,1.2172,0.9739,3.7465,0.2312,1.1018,0.9153
10.2083,9x payload hold,0.34,4.7746,0.1496,1.465,1.0,3.4867,0.17,1.0443,0.8743,3.8911,0.1904,1.1652,0.9453,4.1616,0.2108,1.2432,0.9927,3.7351,0.2312,1.0981,0.9179
10.25,9x payload hold,0.34,4.7097,0.1496,1.4443,1.0,3.4936,0.17,1.0466,0.8798,4.0037,0.1904,1.2012,0.9692,4.2349,0.2108,1.2666,1.0,3.7156,0.2312,1.0919,0.9187
10.2917,9x payload hold,0.34,4.6401,0.1496,1.422,1.0,3.5064,0.17,1.0506,0.8858,4.1172,0.1904,1.2375,0.9929,4.2991,0.2108,1.2872,1.0,3.6878,0.2312,1.083,0.9176
10.3333,9x payload hold,0.34,4.5664,0.1496,1.3984,1.0,3.5249,0.17,1.0566,0.8922,4.2302,0.1904,1.2737,1.0,4.3533,0.2108,1.3045,1.0,3.652,0.2312,1.0715,0.9145
10.375,9x payload hold,0.34,4.4892,0.1496,1.3737,1.0,3.5488,0.17,1.0642,0.899,4.3412,0.1904,1.3092,1.0,4.3965,0.2108,1.3184,1.0,3.6084,0.2312,1.0576,0.9095
10.4167,9x payload hold,0.34,4.4095,0.1496,1.3482,1.0,3.5779,0.17,1.0735,0.9061,4.4485,0.1904,1.3436,1.0,4.4278,0.2108,1.3284,1.0,3.5571,0.2312,1.0412,0.9024
10.4583,9x payload hold,0.34,4.3278,0.1496,1.3221,1.0,3.6116,0.17,1.0843,0.9132,4.5506,0.1904,1.3762,1.0,4.4465,0.2108,1.3343,1.0,3.4987,0.2312,1.0225,0.8934
10.5,9x payload hold,0.34,4.2449,0.1496,1.2955,1.0,3.6492,0.17,1.0963,0.9202,4.6457,0.1904,1.4067,1.0,4.4518,0.2108,1.3361,1.0,3.4336,0.2312,1.0016,0.8824
10.5417,9x payload hold,0.34,4.1647,0.1496,1.2699,1.0,3.6926,0.17,1.1102,0.9278,4.7356,0.1904,1.4354,1.0,4.4467,0.2108,1.3344,1.0,3.3647,0.2312,0.9796,0.8703
10.5833,9x payload hold,0.34,4.0909,0.1496,1.2463,0.9977,3.7439,0.17,1.1267,0.9368,4.8227,0.1904,1.4633,1.0,4.4342,0.2108,1.3304,1.0,3.2953,0.2312,0.9574,0.8581
10.625,9x payload hold,0.34,4.0243,0.1496,1.2249,0.986,3.8028,0.17,1.1455,0.9472,4.9062,0.1904,1.49,1.0,4.4145,0.2108,1.3241,1.0,3.226,0.2312,0.9352,0.846
10.6667,9x payload hold,0.34,3.9653,0.1496,1.2061,0.9757,3.8687,0.17,1.1666,0.9587,4.9854,0.1904,1.5154,1.0,4.3878,0.2108,1.3156,1.0,3.1574,0.2312,0.9133,0.8339
10.7083,9x payload hold,0.34,3.9147,0.1496,1.1899,0.9668,3.941,0.17,1.1897,0.9714,5.0595,0.1904,1.5391,1.0,4.3544,0.2108,1.3049,1.0,3.0901,0.2312,0.8917,0.8221
10.75,9x payload hold,0.34,3.8728,0.1496,1.1765,0.9594,4.0189,0.17,1.2147,0.9851,5.1279,0.1904,1.561,1.0,4.3144,0.2108,1.2921,1.0,3.0247,0.2312,0.8708,0.8107
10.7917,9x payload hold,0.34,3.84,0.1496,1.166,0.9537,4.1019,0.17,1.2412,0.9996,5.1899,0.1904,1.5808,1.0,4.2684,0.2108,1.2774,1.0,2.9619,0.2312,0.8507,0.7996
10.8333,9x payload hold,0.34,3.8167,0.1496,1.1585,0.9496,4.1891,0.17,1.2691,1.0,5.2449,0.1904,1.5984,1.0,4.2168,0.2108,1.2608,1.0,2.9023,0.2312,0.8316,0.7892
10.875,9x payload hold,0.34,3.803,0.1496,1.1541,0.9472,4.2797,0.17,1.2981,1.0,5.2925,0.1904,1.6136,1.0,4.1599,0.2108,1.2426,1.0,2.8463,0.2312,0.8137,0.7794
10.9167,9x payload hold,0.34,3.7991,0.1496,1.1529,0.9465,4.3729,0.17,1.3279,1.0,5.3322,0.1904,1.6263,1.0,4.0984,0.2108,1.2229,0.999,2.7945,0.2312,0.7971,0.7703
10.9583,9x payload hold,0.34,3.805,0.1496,1.1548,0.9475,4.4679,0.17,1.3583,1.0,5.3636,0.1904,1.6364,1.0,4.0327,0.2108,1.2019,0.9875,2.7474,0.2312,0.7821,0.762
11.0,9x payload hold,0.34,3.8206,0.1496,1.1598,0.9503,4.5637,0.17,1.389,1.0,5.3865,0.1904,1.6437,1.0,3.9636,0.2108,1.1798,0.9754,2.7054,0.2312,0.7686,0.7546
11.0417,9x payload hold,0.34,3.8458,0.1496,1.1678,0.9547,4.6596,0.17,1.4197,1.0,5.4007,0.1904,1.6483,1.0,3.8915,0.2108,1.1568,0.9627,2.6688,0.2312,0.7569,0.7482
11.0833,9x payload hold,0.34,3.8805,0.1496,1.1789,0.9608,4.7546,0.17,1.4501,1.0,5.406,0.1904,1.6499,1.0,3.8173,0.2108,1.133,0.9497,2.6381,0.2312,0.7471,0.7428
11.125,9x payload hold,0.34,3.9241,0.1496,1.1929,0.9684,4.8478,0.17,1.4799,1.0,5.4023,0.1904,1.6488,1.0,3.7415,0.2108,1.1087,0.9364,2.6135,0.2312,0.7392,0.7385
11.1667,9x payload hold,0.34,3.9765,0.1496,1.2096,0.9776,4.9384,0.17,1.5089,1.0,5.3898,0.1904,1.6448,1.0,3.6649,0.2108,1.0842,0.923,2.5952,0.2312,0.7334,0.7353
11.2083,9x payload hold,0.34,4.037,0.1496,1.229,0.9882,5.0255,0.17,1.5368,1.0,5.3684,0.1904,1.6379,1.0,3.5882,0.2108,1.0597,0.9095,2.5834,0.2312,0.7296,0.7332
11.25,9x payload hold,0.34,4.1051,0.1496,1.2508,1.0,5.1084,0.17,1.5633,1.0,5.3385,0.1904,1.6284,1.0,3.512,0.2108,1.0353,0.8961,2.5782,0.2312,0.7279,0.7323
11.2917,9x payload hold,0.34,4.1802,0.1496,1.2748,1.0,5.1863,0.17,1.5882,1.0,5.3003,0.1904,1.6161,1.0,3.4371,0.2108,1.0113,0.883,2.5796,0.2312,0.7284,0.7326
11.3333,9x payload hold,0.34,4.2617,0.1496,1.3009,1.0,5.2585,0.17,1.6113,1.0,5.2541,0.1904,1.6013,1.0,3.3642,0.2108,0.988,0.8702,2.5877,0.2312,0.731,0.734
11.375,9x payload hold,0.34,4.3487,0.1496,1.3287,1.0,5.3244,0.17,1.6324,1.0,5.2004,0.1904,1.5841,1.0,3.2939,0.2108,0.9655,0.8579,2.6024,0.2312,0.7357,0.7366
11.4167,9x payload hold,0.34,4.4404,0.1496,1.3581,1.0,5.3832,0.17,1.6512,1.0,5.1396,0.1904,1.5647,1.0,3.2269,0.2108,0.9441,0.8461,2.6235,0.2312,0.7424,0.7403
11.4583,9x payload hold,0.34,4.5361,0.1496,1.3887,1.0,5.4345,0.17,1.6676,1.0,5.0723,0.1904,1.5432,1.0,3.1637,0.2108,0.9239,0.835,2.6508,0.2312,0.7512,0.7451
11.5,9x payload hold,0.34,4.6348,0.1496,1.4203,1.0,5.4778,0.17,1.6815,1.0,4.9992,0.1904,1.5198,1.0,3.1051,0.2108,0.9051,0.8248,2.6841,0.2312,0.7618,0.7509
11.5417,9x payload hold,0.34,4.7357,0.1496,1.4526,1.0,5.5127,0.17,1.6927,1.0,4.9209,0.1904,1.4947,1.0,3.0514,0.2108,0.8879,0.8153,2.7231,0.2312,0.7743,0.7577
11.5833,9x payload hold,0.34,4.8377,0.1496,1.4852,1.0,5.5389,0.17,1.7011,1.0,4.8381,0.1904,1.4682,1.0,3.0033,0.2108,0.8725,0.8069,2.7674,0.2312,0.7885,0.7655
11.625,9x payload hold,0.34,4.9401,0.1496,1.518,1.0,5.5562,0.17,1.7066,1.0,4.7516,0.1904,1.4405,1.0,2.961,0.2108,0.859,0.7995,2.8166,0.2312,0.8042,0.7741
11.6667,9x payload hold,0.34,5.0417,0.1496,1.5505,1.0,5.5643,0.17,1.7092,1.0,4.6622,0.1904,1.4119,1.0,2.9251,0.2108,0.8475,0.7932,2.8703,0.2312,0.8214,0.7836
11.7083,9x payload hold,0.34,5.1418,0.1496,1.5825,1.0,5.5633,0.17,1.7088,1.0,4.5706,0.1904,1.3826,1.0,2.8959,0.2108,0.8382,0.7881,2.928,0.2312,0.8398,0.7937
11.75,9x payload hold,0.34,5.2394,0.1496,1.6138,1.0,5.553,0.17,1.7056,1.0,4.4778,0.1904,1.3529,1.0,2.8736,0.2108,0.831,0.7841,2.9891,0.2312,0.8594,0.8044
11.7917,9x payload hold,0.34,5.3335,0.1496,1.6439,1.0,5.5337,0.17,1.6994,1.0,4.3846,0.1904,1.3231,1.0,2.8584,0.2108,0.8262,0.7815,3.053,0.2312,0.8799,0.8156
11.8333,dataset + hardware export,0.34,5.4234,0.1496,1.6726,1.0,5.5055,0.17,1.6904,1.0,4.2918,0.1904,1.2934,1.0,2.8505,0.2108,0.8236,0.7801,3.1193,0.2312,0.9011,0.8272
11.875,dataset + hardware export,0.34,5.5081,0.1496,1.6998,1.0,5.4687,0.17,1.6786,1.0,4.2003,0.1904,1.2641,1.0,2.8499,0.2108,0.8234,0.78,3.1873,0.2312,0.9228,0.8392
11.9167,dataset + hardware export,0.34,5.587,0.1496,1.725,1.0,5.4235,0.17,1.6641,1.0,4.111,0.1904,1.2356,1.0,2.8567,0.2108,0.8256,0.7812,3.2563,0.2312,0.9449,0.8513
11.9583,dataset + hardware export,0.34,5.6593,0.1496,1.7481,1.0,5.3704,0.17,1.6471,1.0,4.0246,0.1904,1.2079,0.9861,2.8708,0.2108,0.8301,0.7836,3.3257,0.2312,0.9671,0.8635
12.0,dataset + hardware export,0.34,5.7243,0.1496,1.7689,1.0,5.31,0.17,1.6278,1.0,3.942,0.1904,1.1815,0.9716,2.892,0.2108,0.8369,0.7874,3.395,0.2312,0.9893,0.8756
12.0417,dataset + hardware export,0.34,5.7815,0.1496,1.7872,1.0,5.2427,0.17,1.6063,1.0,3.8638,0.1904,1.1565,0.9579,2.9202,0.2108,0.8459,0.7923,3.4634,0.2312,1.0112,0.8876
12.0833,dataset + hardware export,0.34,5.8302,0.1496,1.8028,1.0,5.1691,0.17,1.5827,1.0,3.7909,0.1904,1.1331,0.9451,2.9551,0.2108,0.8571,0.7984,3.5303,0.2312,1.0326,0.8993
12.125,dataset + hardware export,0.34,5.8702,0.1496,1.8156,1.0,5.09,0.17,1.5574,1.0,3.7239,0.1904,1.1117,0.9333,2.9964,0.2108,0.8703,0.8057,3.5951,0.2312,1.0533,0.9107
12.1667,dataset + hardware export,0.34,5.9009,0.1496,1.8255,1.0,5.006,0.17,1.5305,1.0,3.6634,0.1904,1.0923,0.9227,3.0436,0.2108,0.8854,0.814,3.6573,0.2312,1.0732,0.9216
12.2083,dataset + hardware export,0.34,5.9222,0.1496,1.8323,1.0,4.918,0.17,1.5024,1.0,3.6099,0.1904,1.0752,0.9133,3.0965,0.2108,0.9023,0.8232,3.7162,0.2312,1.0921,0.932
12.25,dataset + hardware export,0.34,5.9337,0.1496,1.836,1.0,4.8268,0.17,1.4732,1.0,3.564,0.1904,1.0605,0.9053,3.1544,0.2108,0.9209,0.8334,3.7713,0.2312,1.1097,0.9416
12.2917,dataset + hardware export,0.34,5.9355,0.1496,1.8365,1.0,4.7331,0.17,1.4432,1.0,3.5261,0.1904,1.0484,0.8986,3.2169,0.2108,0.9409,0.8444,3.8221,0.2312,1.126,0.9505
12.3333,dataset + hardware export,0.34,5.9275,0.1496,1.834,1.0,4.6378,0.17,1.4127,1.0,3.4965,0.1904,1.0389,0.8934,3.2834,0.2108,0.9621,0.856,3.8682,0.2312,1.1407,0.9586
12.375,dataset + hardware export,0.34,5.9097,0.1496,1.8283,1.0,4.5419,0.17,1.382,1.0,3.4755,0.1904,1.0322,0.8897,3.3532,0.2108,0.9845,0.8683,3.909,0.2312,1.1538,0.9658
12.4167,dataset + hardware export,0.34,5.8824,0.1496,1.8195,1.0,4.4462,0.17,1.3514,1.0,3.4632,0.1904,1.0283,0.8876,3.4258,0.2108,1.0077,0.881,3.9443,0.2312,1.1651,0.972
12.4583,dataset + hardware export,0.34,5.8458,0.1496,1.8078,1.0,4.3515,0.17,1.3211,1.0,3.4599,0.1904,1.0272,0.887,3.5004,0.2108,1.0316,0.8941,3.9737,0.2312,1.1745,0.9771
12.5,dataset + hardware export,0.34,5.8002,0.1496,1.7932,1.0,4.2588,0.17,1.2914,1.0,3.4655,0.1904,1.029,0.888,3.5764,0.2108,1.0559,0.9074,3.997,0.2312,1.1819,0.9812
12.5417,dataset + hardware export,0.34,5.7461,0.1496,1.7759,1.0,4.1689,0.17,1.2626,1.0,3.48,0.1904,1.0336,0.8905,3.6531,0.2108,1.0805,0.9209,4.0139,0.2312,1.1873,0.9842
12.5833,dataset + hardware export,0.34,5.6838,0.1496,1.756,1.0,4.0826,0.17,1.235,0.9962,3.5032,0.1904,1.0411,0.8946,3.7298,0.2108,1.105,0.9343,4.0242,0.2312,1.1907,0.986
12.625,dataset + hardware export,0.34,5.6141,0.1496,1.7337,1.0,4.0007,0.17,1.2088,0.9819,3.535,0.1904,1.0512,0.9002,3.8057,0.2108,1.1293,0.9477,4.028,0.2312,1.1919,0.9867
12.6667,dataset + hardware export,0.34,5.5376,0.1496,1.7092,1.0,3.924,0.17,1.1843,0.9684,3.575,0.1904,1.064,0.9072,3.8802,0.2108,1.1531,0.9607,4.0251,0.2312,1.1909,0.9862
12.7083,dataset + hardware export,0.34,5.4548,0.1496,1.6827,1.0,3.8531,0.17,1.1616,0.956,3.6228,0.1904,1.0793,0.9156,3.9527,0.2108,1.1763,0.9734,4.0155,0.2312,1.1879,0.9845
12.75,dataset + hardware export,0.34,5.3667,0.1496,1.6545,1.0,3.7888,0.17,1.141,0.9447,3.6782,0.1904,1.097,0.9253,4.0223,0.2108,1.1986,0.9857,3.9995,0.2312,1.1827,0.9817
12.7917,dataset + hardware export,0.34,5.2741,0.1496,1.6249,1.0,3.7316,0.17,1.1227,0.9347,3.7404,0.1904,1.117,0.9362,4.0885,0.2108,1.2198,0.9973,3.977,0.2312,1.1755,0.9777
12.8333,dataset + hardware export,0.34,5.1776,0.1496,1.594,1.0,3.682,0.17,1.1068,0.926,3.809,0.1904,1.1389,0.9482,4.1507,0.2108,1.2397,1.0,3.9484,0.2312,1.1664,0.9727
12.875,dataset + hardware export,0.34,5.0784,0.1496,1.5622,1.0,3.6405,0.17,1.0935,0.9187,3.8833,0.1904,1.1627,0.9613,4.2084,0.2108,1.2581,1.0,3.9138,0.2312,1.1553,0.9666
12.9167,dataset + hardware export,0.34,4.9772,0.1496,1.5299,1.0,3.6074,0.17,1.083,0.9129,3.9626,0.1904,1.1881,0.9752,4.2609,0.2108,1.2749,1.0,3.8736,0.2312,1.1424,0.9596
12.9583,dataset + hardware export,0.34,4.875,0.1496,1.4972,1.0,3.5831,0.17,1.0752,0.9086,4.0463,0.1904,1.2149,0.9899,4.3078,0.2108,1.2899,1.0,3.8282,0.2312,1.1279,0.9516
13.0,dataset + hardware export,0.34,4.7727,0.1496,1.4644,1.0,3.5679,0.17,1.0703,0.9059,4.1335,0.1904,1.2428,1.0,4.3486,0.2108,1.303,1.0,3.7779,0.2312,1.1118,0.9428
13.0417,dataset + hardware export,0.34,4.6713,0.1496,1.432,1.0,3.5617,0.17,1.0684,0.9049,4.2235,0.1904,1.2716,1.0,4.3831,0.2108,1.3141,1.0,3.7233,0.2312,1.0944,0.9332
13.0833,dataset + hardware export,0.34,4.5717,0.1496,1.4001,1.0,3.5648,0.17,1.0693,0.9054,4.3154,0.1904,1.301,1.0,4.4108,0.2108,1.3229,1.0,3.6649,0.2312,1.0757,0.923
13.125,dataset + hardware export,0.34,4.4748,0.1496,1.3691,1.0,3.577,0.17,1.0732,0.9075,4.4084,0.1904,1.3307,1.0,4.4316,0.2108,1.3296,1.0,3.6031,0.2312,1.0559,0.9121
13.1667,dataset + hardware export,0.34,4.3815,0.1496,1.3393,1.0,3.5983,0.17,1.08,0.9113,4.5016,0.1904,1.3605,1.0,4.4452,0.2108,1.3339,1.0,3.5386,0.2312,1.0352,0.9008
13.2083,dataset + hardware export,0.34,4.2927,0.1496,1.3108,1.0,3.6284,0.17,1.0897,0.9166,4.5941,0.1904,1.3901,1.0,4.4515,0.2108,1.336,1.0,3.4719,0.2312,1.0139,0.8891
13.25,dataset + hardware export,0.34,4.2092,0.1496,1.2841,1.0,3.6671,0.17,1.1021,0.9233,4.6852,0.1904,1.4193,1.0,4.4505,0.2108,1.3356,1.0,3.4037,0.2312,0.9921,0.8771
13.2917,dataset + hardware export,0.34,4.1317,0.1496,1.2593,1.0,3.714,0.17,1.1171,0.9316,4.774,0.1904,1.4477,1.0,4.4421,0.2108,1.3329,1.0,3.3345,0.2312,0.9699,0.865
13.3333,dataset + hardware export,0.34,4.0609,0.1496,1.2367,0.9924,3.7687,0.17,1.1346,0.9412,4.8596,0.1904,1.4751,1.0,4.4265,0.2108,1.3279,1.0,3.265,0.2312,0.9477,0.8528
13.375,dataset + hardware export,0.34,3.9976,0.1496,1.2164,0.9813,3.8307,0.17,1.1544,0.9521,4.9413,0.1904,1.5013,1.0,4.4037,0.2108,1.3206,1.0,3.1959,0.2312,0.9256,0.8407
13.4167,dataset + hardware export,0.34,3.9422,0.1496,1.1987,0.9716,3.8995,0.17,1.1764,0.9641,5.0184,0.1904,1.5259,1.0,4.374,0.2108,1.3112,1.0,3.1278,0.2312,0.9038,0.8287
13.4583,dataset + hardware export,0.34,3.8953,0.1496,1.1837,0.9634,3.9743,0.17,1.2004,0.9772,5.0901,0.1904,1.5489,1.0,4.3377,0.2108,1.2995,1.0,3.0613,0.2312,0.8825,0.8171
13.5,dataset + hardware export,0.34,3.8574,0.1496,1.1715,0.9567,4.0545,0.17,1.2261,0.9913,5.1557,0.1904,1.5699,1.0,4.2951,0.2108,1.2859,1.0,2.997,0.2312,0.8619,0.8058
13.5417,dataset + hardware export,0.34,3.8287,0.1496,1.1623,0.9517,4.1394,0.17,1.2532,1.0,5.2148,0.1904,1.5888,1.0,4.2466,0.2108,1.2704,1.0,2.9355,0.2312,0.8423,0.795
13.5833,dataset + hardware export,0.34,3.8095,0.1496,1.1562,0.9483,4.2282,0.17,1.2816,1.0,5.2666,0.1904,1.6053,1.0,4.1926,0.2108,1.2531,1.0,2.8774,0.2312,0.8237,0.7848
13.625,dataset + hardware export,0.34,3.8001,0.1496,1.1532,0.9467,4.3201,0.17,1.311,1.0,5.3108,0.1904,1.6195,1.0,4.1336,0.2108,1.2342,1.0,2.8232,0.2312,0.8063,0.7753
13.6667,dataset + hardware export,0.34,3.8005,0.1496,1.1533,0.9467,4.4142,0.17,1.3411,1.0,5.3469,0.1904,1.6311,1.0,4.0702,0.2108,1.2139,0.9941,2.7733,0.2312,0.7904,0.7666
13.7083,dataset + hardware export,0.34,3.8106,0.1496,1.1566,0.9485,4.5097,0.17,1.3717,1.0,5.3747,0.1904,1.6399,1.0,4.0029,0.2108,1.1924,0.9823,2.7284,0.2312,0.776,0.7587
13.75,dataset + hardware export,0.34,3.8304,0.1496,1.1629,0.952,4.6056,0.17,1.4024,1.0,5.3938,0.1904,1.646,1.0,3.9324,0.2108,1.1698,0.9699,2.6887,0.2312,0.7633,0.7517
13.7917,dataset + hardware export,0.34,3.8598,0.1496,1.1723,0.9572,4.7012,0.17,1.433,1.0,5.4041,0.1904,1.6493,1.0,3.8594,0.2108,1.1465,0.9571,2.6547,0.2312,0.7524,0.7457
13.8333,dataset + hardware export,0.34,3.8984,0.1496,1.1847,0.9639,4.7955,0.17,1.4632,1.0,5.4055,0.1904,1.6498,1.0,3.7844,0.2108,1.1225,0.9439,2.6266,0.2312,0.7434,0.7408
13.875,dataset + hardware export,0.34,3.9459,0.1496,1.1999,0.9723,4.8877,0.17,1.4927,1.0,5.3979,0.1904,1.6474,1.0,3.7082,0.2108,1.0981,0.9306,2.6047,0.2312,0.7364,0.737
13.9167,dataset + hardware export,0.34,4.0019,0.1496,1.2178,0.9821,4.9769,0.17,1.5212,1.0,5.3815,0.1904,1.6421,1.0,3.6314,0.2108,1.0735,0.9171,2.5892,0.2312,0.7314,0.7342
13.9583,dataset + hardware export,0.34,4.0658,0.1496,1.2382,0.9933,5.0623,0.17,1.5485,1.0,5.3564,0.1904,1.6341,1.0,3.5548,0.2108,1.049,0.9037,2.5803,0.2312,0.7286,0.7327
