frame,time_s,phase,cap_angle_deg,pressure_target_n,slip_estimate_mm,load_hold_x,success_window,thumb_prox_deg,thumb_mid_deg,thumb_dist_deg,thumb_touch_n,thumb_shear_mm,thumb_friction_margin,thumb_contact_confidence,index_prox_deg,index_mid_deg,index_dist_deg,index_touch_n,index_shear_mm,index_friction_margin,index_contact_confidence,middle_prox_deg,middle_mid_deg,middle_dist_deg,middle_touch_n,middle_shear_mm,middle_friction_margin,middle_contact_confidence,ring_prox_deg,ring_mid_deg,ring_dist_deg,ring_touch_n,ring_shear_mm,ring_friction_margin,ring_contact_confidence,little_prox_deg,little_mid_deg,little_dist_deg,little_touch_n,little_shear_mm,little_friction_margin,little_contact_confidence
0,0.0,scene ready,0.0,0.25,0.34,1.0,0,0.0,0.0,0.0,0.0804,0.0,0.0257,0.1941,0.0,0.0,0.0,0.0915,0.0,0.0293,0.1961,0.0,0.0,0.0,0.0795,0.0,0.0254,0.1939,0.0,0.0,0.0,0.0494,0.0,0.0158,0.1887,0.0,0.0,0.0,0.0459,0.0,0.0147,0.1881
1,0.0417,scene ready,0.0,0.25,0.34,1.0,0,0.0,0.0,0.0,0.0804,0.0,0.0257,0.1941,0.0,0.0,0.0,0.0915,0.0,0.0293,0.1961,0.0,0.0,0.0,0.0795,0.0,0.0254,0.1939,0.0,0.0,0.0,0.0494,0.0,0.0158,0.1887,0.0,0.0,0.0,0.0459,0.0,0.0147,0.1881
2,0.0833,scene ready,0.0,0.25,0.34,1.0,0,0.0,0.0,0.0,0.0804,0.0,0.0257,0.1941,0.0,0.0,0.0,0.0915,0.0,0.0293,0.1961,0.0,0.0,0.0,0.0795,0.0,0.0254,0.1939,0.0,0.0,0.0,0.0494,0.0,0.0158,0.1887,0.0,0.0,0.0,0.0459,0.0,0.0147,0.1881
3,0.125,scene ready,0.0,0.25,0.34,1.0,0,0.0,0.0,0.0,0.0804,0.0,0.0257,0.1941,0.0,0.0,0.0,0.0915,0.0,0.0293,0.1961,0.0,0.0,0.0,0.0795,0.0,0.0254,0.1939,0.0,0.0,0.0,0.0494,0.0,0.0158,0.1887,0.0,0.0,0.0,0.0459,0.0,0.0147,0.1881
4,0.1667,scene ready,0.0,0.25,0.34,1.0,0,0.0,0.0,0.0,0.0804,0.0,0.0257,0.1941,0.0,0.0,0.0,0.0915,0.0,0.0293,0.1961,0.0,0.0,0.0,0.0795,0.0,0.0254,0.1939,0.0,0.0,0.0,0.0494,0.0,0.0158,0.1887,0.0,0.0,0.0,0.0459,0.0,0.0147,0.1881
5,0.2083,scene ready,0.0,0.25,0.34,1.0,0,0.0,0.0,0.0,0.0804,0.0,0.0257,0.1941,0.0,0.0,0.0,0.0915,0.0,0.0293,0.1961,0.0,0.0,0.0,0.0795,0.0,0.0254,0.1939,0.0,0.0,0.0,0.0494,0.0,0.0158,0.1887,0.0,0.0,0.0,0.0459,0.0,0.0147,0.1881
6,0.25,scene ready,0.0,0.25,0.34,1.0,0,0.0,0.0,0.0,0.0804,0.0,0.0257,0.1941,0.0,0.0,0.0,0.0915,0.0,0.0293,0.1961,0.0,0.0,0.0,0.0795,0.0,0.0254,0.1939,0.0,0.0,0.0,0.0494,0.0,0.0158,0.1887,0.0,0.0,0.0,0.0459,0.0,0.0147,0.1881
7,0.2917,scene ready,0.0,0.25,0.34,1.0,0,0.0,0.0,0.0,0.0804,0.0,0.0257,0.1941,0.0,0.0,0.0,0.0915,0.0,0.0293,0.1961,0.0,0.0,0.0,0.0795,0.0,0.0254,0.1939,0.0,0.0,0.0,0.0494,0.0,0.0158,0.1887,0.0,0.0,0.0,0.0459,0.0,0.0147,0.1881
8,0.3333,scene ready,0.0,0.25,0.34,1.0,0,0.0,0.0,0.0,0.0804,0.0,0.0257,0.1941,0.0,0.0,0.0,0.0915,0.0,0.0293,0.1961,0.0,0.0,0.0,0.0795,0.0,0.0254,0.1939,0.0,0.0,0.0,0.0494,0.0,0.0158,0.1887,0.0,0.0,0.0,0.0459,0.0,0.0147,0.1881
9,0.375,scene ready,0.0,0.25,0.34,1.0,0,0.0,0.0,0.0,0.0804,0.0,0.0257,0.1941,0.0,0.0,0.0,0.0915,0.0,0.0293,0.1961,0.0,0.0,0.0,0.0795,0.0,0.0254,0.1939,0.0,0.0,0.0,0.0494,0.0,0.0158,0.1887,0.0,0.0,0.0,0.0459,0.0,0.0147,0.1881
10,0.4167,scene ready,0.0,0.25,0.34,1.0,0,0.0,0.0,0.0,0.0804,0.0,0.0257,0.1941,0.0,0.0,0.0,0.0915,0.0,0.0293,0.1961,0.0,0.0,0.0,0.0795,0.0,0.0254,0.1939,0.0,0.0,0.0,0.0494,0.0,0.0158,0.1887,0.0,0.0,0.0,0.0459,0.0,0.0147,0.1881
11,0.4583,scene ready,0.0,0.25,0.34,1.0,0,0.0,0.0,0.0,0.0804,0.0,0.0257,0.1941,0.0,0.0,0.0,0.0915,0.0,0.0293,0.1961,0.0,0.0,0.0,0.0795,0.0,0.0254,0.1939,0.0,0.0,0.0,0.0494,0.0,0.0158,0.1887,0.0,0.0,0.0,0.0459,0.0,0.0147,0.1881
12,0.5,scene ready,0.0,0.25,0.34,1.0,0,0.0,0.0,0.0,0.0804,0.0,0.0257,0.1941,0.0,0.0,0.0,0.0915,0.0,0.0293,0.1961,0.0,0.0,0.0,0.0795,0.0,0.0254,0.1939,0.0,0.0,0.0,0.0494,0.0,0.0158,0.1887,0.0,0.0,0.0,0.0459,0.0,0.0147,0.1881
13,0.5417,scene ready,0.0,0.25,0.34,1.0,0,0.0,0.0,0.0,0.0804,0.0,0.0257,0.1941,0.0,0.0,0.0,0.0915,0.0,0.0293,0.1961,0.0,0.0,0.0,0.0795,0.0,0.0254,0.1939,0.0,0.0,0.0,0.0494,0.0,0.0158,0.1887,0.0,0.0,0.0,0.0459,0.0,0.0147,0.1881
14,0.5833,scene ready,0.0,0.25,0.34,1.0,0,0.0,0.0,0.0,0.0804,0.0,0.0257,0.1941,0.0,0.0,0.0,0.0915,0.0,0.0293,0.1961,0.0,0.0,0.0,0.0795,0.0,0.0254,0.1939,0.0,0.0,0.0,0.0494,0.0,0.0158,0.1887,0.0,0.0,0.0,0.0459,0.0,0.0147,0.1881
15,0.625,scene ready,0.0,0.25,0.34,1.0,0,0.0,0.0,0.0,0.0804,0.0,0.0257,0.1941,0.0,0.0,0.0,0.0915,0.0,0.0293,0.1961,0.0,0.0,0.0,0.0795,0.0,0.0254,0.1939,0.0,0.0,0.0,0.0494,0.0,0.0158,0.1887,0.0,0.0,0.0,0.0459,0.0,0.0147,0.1881
16,0.6667,scene ready,0.0,0.25,0.34,1.0,0,0.0,0.0,0.0,0.0804,0.0,0.0257,0.1941,0.0,0.0,0.0,0.0915,0.0,0.0293,0.1961,0.0,0.0,0.0,0.0795,0.0,0.0254,0.1939,0.0,0.0,0.0,0.0494,0.0,0.0158,0.1887,0.0,0.0,0.0,0.0459,0.0,0.0147,0.1881
17,0.7083,scene ready,0.0,0.25,0.34,1.0,0,0.0,0.0,0.0,0.0804,0.0,0.0257,0.1941,0.0,0.0,0.0,0.0915,0.0,0.0293,0.1961,0.0,0.0,0.0,0.0795,0.0,0.0254,0.1939,0.0,0.0,0.0,0.0494,0.0,0.0158,0.1887,0.0,0.0,0.0,0.0459,0.0,0.0147,0.1881
18,0.75,scene ready,0.0,0.25,0.34,1.0,0,0.0,0.0,0.0,0.0804,0.0,0.0257,0.1941,0.0,0.0,0.0,0.0915,0.0,0.0293,0.1961,0.0,0.0,0.0,0.0795,0.0,0.0254,0.1939,0.0,0.0,0.0,0.0494,0.0,0.0158,0.1887,0.0,0.0,0.0,0.0459,0.0,0.0147,0.1881
19,0.7917,scene ready,0.0,0.25,0.34,1.0,0,0.0,0.0,0.0,0.0804,0.0,0.0257,0.1941,0.0,0.0,0.0,0.0915,0.0,0.0293,0.1961,0.0,0.0,0.0,0.0795,0.0,0.0254,0.1939,0.0,0.0,0.0,0.0494,0.0,0.0158,0.1887,0.0,0.0,0.0,0.0459,0.0,0.0147,0.1881
20,0.8333,scene ready,0.0,0.25,0.34,1.0,0,0.0,0.0,0.0,0.0804,0.0,0.0257,0.1941,0.0,0.0,0.0,0.0915,0.0,0.0293,0.1961,0.0,0.0,0.0,0.0795,0.0,0.0254,0.1939,0.0,0.0,0.0,0.0494,0.0,0.0158,0.1887,0.0,0.0,0.0,0.0459,0.0,0.0147,0.1881
21,0.875,scene ready,0.0,0.25,0.34,1.0,0,0.0,0.0,0.0,0.0804,0.0,0.0257,0.1941,0.0,0.0,0.0,0.0915,0.0,0.0293,0.1961,0.0,0.0,0.0,0.0795,0.0,0.0254,0.1939,0.0,0.0,0.0,0.0494,0.0,0.0158,0.1887,0.0,0.0,0.0,0.0459,0.0,0.0147,0.1881
22,0.9167,scene ready,0.0,0.25,0.34,1.0,0,0.0,0.0,0.0,0.0804,0.0,0.0257,0.1941,0.0,0.0,0.0,0.0915,0.0,0.0293,0.1961,0.0,0.0,0.0,0.0795,0.0,0.0254,0.1939,0.0,0.0,0.0,0.0494,0.0,0.0158,0.1887,0.0,0.0,0.0,0.0459,0.0,0.0147,0.1881
23,0.9583,scene ready,0.0,0.25,0.34,1.0,0,0.0,0.0,0.0,0.0804,0.0,0.0257,0.1941,0.0,0.0,0.0,0.0915,0.0,0.0293,0.1961,0.0,0.0,0.0,0.0795,0.0,0.0254,0.1939,0.0,0.0,0.0,0.0494,0.0,0.0158,0.1887,0.0,0.0,0.0,0.0459,0.0,0.0147,0.1881
24,1.0,scene ready,0.0,0.25,0.34,1.0,0,0.0,0.0,0.0,0.0804,0.0,0.0257,0.1941,0.0,0.0,0.0,0.0915,0.0,0.0293,0.1961,0.0,0.0,0.0,0.0795,0.0,0.0254,0.1939,0.0,0.0,0.0,0.0494,0.0,0.0158,0.1887,0.0,0.0,0.0,0.0459,0.0,0.0147,0.1881
25,1.0417,scene ready,0.0,0.25,0.34,1.0,0,0.0,0.0,0.0,0.0804,0.0,0.0257,0.1941,0.0,0.0,0.0,0.0915,0.0,0.0293,0.1961,0.0,0.0,0.0,0.0795,0.0,0.0254,0.1939,0.0,0.0,0.0,0.0494,0.0,0.0158,0.1887,0.0,0.0,0.0,0.0459,0.0,0.0147,0.1881
26,1.0833,scene ready,0.0,0.25,0.34,1.0,0,0.0,0.0,0.0,0.0804,0.0,0.0257,0.1941,0.0,0.0,0.0,0.0915,0.0,0.0293,0.1961,0.0,0.0,0.0,0.0795,0.0,0.0254,0.1939,0.0,0.0,0.0,0.0494,0.0,0.0158,0.1887,0.0,0.0,0.0,0.0459,0.0,0.0147,0.1881
27,1.125,scene ready,0.0,0.25,0.34,1.0,0,0.0,0.0,0.0,0.0804,0.0,0.0257,0.1941,0.0,0.0,0.0,0.0915,0.0,0.0293,0.1961,0.0,0.0,0.0,0.0795,0.0,0.0254,0.1939,0.0,0.0,0.0,0.0494,0.0,0.0158,0.1887,0.0,0.0,0.0,0.0459,0.0,0.0147,0.1881
28,1.1667,scene ready,0.0,0.25,0.34,1.0,0,0.0,0.0,0.0,0.0804,0.0,0.0257,0.1941,0.0,0.0,0.0,0.0915,0.0,0.0293,0.1961,0.0,0.0,0.0,0.0795,0.0,0.0254,0.1939,0.0,0.0,0.0,0.0494,0.0,0.0158,0.1887,0.0,0.0,0.0,0.0459,0.0,0.0147,0.1881
29,1.2083,scene ready,0.0,0.2502,0.34,1.0,0,0.002,0.003,0.002,0.0804,0.0,0.0257,0.1941,0.003,0.004,0.003,0.0916,0.0,0.0293,0.1961,0.003,0.004,0.003,0.0795,0.0,0.0255,0.194,0.002,0.003,0.002,0.0494,0.0,0.0158,0.1887,0.002,0.003,0.002,0.046,0.0,0.0147,0.1881
30,1.25,scene ready,0.0,0.2577,0.34,1.0,0,0.07,0.107,0.081,0.0831,0.0,0.0266,0.1946,0.107,0.14,0.096,0.0947,0.0,0.0303,0.1966,0.1,0.133,0.092,0.0822,0.0,0.0263,0.1944,0.089,0.118,0.077,0.0511,0.0,0.0163,0.189,0.077,0.107,0.066,0.0475,0.0,0.0152,0.1883
31,1.2917,scene ready,0.0,0.2754,0.34,1.0,0,0.232,0.354,0.269,0.0895,0.0,0.0286,0.1957,0.354,0.464,0.318,0.102,0.0,0.0326,0.1979,0.33,0.44,0.305,0.0885,0.0,0.0283,0.1955,0.293,0.391,0.257,0.055,0.0,0.0176,0.1896,0.257,0.354,0.22,0.0511,0.0,0.0164,0.189
32,1.3333,scene ready,0.0,0.3029,0.34,1.0,0,0.484,0.739,0.561,0.0997,0.0,0.0319,0.1975,0.739,0.968,0.663,0.1135,0.0,0.0363,0.1999,0.688,0.917,0.637,0.0985,0.0,0.0315,0.1973,0.612,0.815,0.535,0.0612,0.0,0.0196,0.1907,0.535,0.739,0.459,0.0569,0.0,0.0182,0.19
33,1.375,scene ready,0.0,0.3398,0.34,1.0,0,0.822,1.254,0.952,0.1136,0.0,0.0364,0.1999,1.254,1.644,1.125,0.1294,0.0,0.0414,0.2027,1.168,1.557,1.081,0.1123,0.0,0.0359,0.1997,1.038,1.384,0.908,0.0698,0.0,0.0223,0.1922,0.908,1.254,0.779,0.0649,0.0,0.0208,0.1914
34,1.4167,scene ready,0.0,0.3856,0.34,1.0,0,1.241,1.895,1.437,0.1315,0.0,0.0421,0.2031,1.895,2.483,1.699,0.1497,0.0,0.0479,0.2063,1.764,2.352,1.633,0.13,0.0,0.0416,0.2028,1.568,2.091,1.372,0.0808,0.0,0.0258,0.1942,1.372,1.895,1.176,0.0751,0.0,0.024,0.1932
35,1.4583,scene ready,0.0,0.4398,0.34,1.0,0,1.738,2.653,2.013,0.1534,0.0,0.0491,0.2069,2.653,3.476,2.379,0.1747,0.0,0.0559,0.2107,2.47,3.293,2.287,0.1517,0.0,0.0485,0.2066,2.196,2.927,1.921,0.0942,0.0,0.0302,0.1965,1.921,2.653,1.647,0.0876,0.0,0.028,0.1954
36,1.5,closed-loop five-finger grasp,0.0,0.5021,0.34,1.0,0,2.309,3.524,2.673,0.1796,0.0,0.0575,0.2115,3.524,4.617,3.159,0.2046,0.0,0.0655,0.2159,3.281,4.374,3.038,0.1776,0.0,0.0568,0.2112,2.916,3.888,2.552,0.1103,0.0,0.0353,0.1994,2.552,3.524,2.187,0.1026,0.0,0.0328,0.198
37,1.5417,closed-loop five-finger grasp,0.0,0.572,0.34,1.0,0,2.948,4.5,3.414,0.2103,0.0,0.0673,0.2169,4.5,5.896,4.034,0.2396,0.0,0.0767,0.222,4.189,5.586,3.879,0.208,0.0,0.0666,0.2165,3.724,4.965,3.258,0.1292,0.0,0.0414,0.2027,3.258,4.5,2.793,0.1202,0.0,0.0385,0.2011
38,1.5833,closed-loop five-finger grasp,0.0,0.6489,0.34,1.0,0,3.653,5.575,4.23,0.2458,0.0,0.0787,0.2231,5.575,7.306,4.999,0.28,0.0,0.0896,0.2291,5.191,6.921,4.806,0.2431,0.0,0.0778,0.2226,4.614,6.152,4.037,0.151,0.0,0.0483,0.2065,4.037,5.575,3.461,0.1405,0.0,0.0449,0.2046
39,1.625,closed-loop five-finger grasp,0.0,0.7326,0.34,1.0,0,4.419,6.744,5.116,0.2863,0.0,0.0916,0.2302,6.744,8.837,6.046,0.3262,0.0,0.1044,0.2372,6.279,8.372,5.814,0.2831,0.0,0.0906,0.2297,5.581,7.442,4.884,0.1759,0.0,0.0563,0.2109,4.884,6.744,4.186,0.1636,0.0,0.0524,0.2087
40,1.6667,closed-loop five-finger grasp,0.0,0.8224,0.34,1.0,0,5.241,8.0,6.069,0.3321,0.0,0.1063,0.2383,8.0,10.482,7.172,0.3783,0.0,0.121,0.2464,7.448,9.931,6.896,0.3284,0.0,0.1051,0.2376,6.62,8.827,5.793,0.204,0.0,0.0653,0.2158,5.793,8.0,4.965,0.1897,0.0,0.0607,0.2133
41,1.7083,closed-loop five-finger grasp,0.0,0.918,0.34,1.0,0,6.117,9.336,7.082,0.3833,0.0,0.1227,0.2472,9.336,12.233,8.37,0.4366,0.0,0.1397,0.2566,8.692,11.589,8.048,0.379,0.0,0.1213,0.2465,7.726,10.302,6.76,0.2355,0.0,0.0754,0.2213,6.76,9.336,5.795,0.219,0.0,0.0701,0.2184
42,1.75,closed-loop five-finger grasp,0.0,1.0189,0.34,1.0,0,7.041,10.746,8.152,0.4402,0.0,0.1409,0.2572,10.746,14.081,9.635,0.5015,0.0,0.1605,0.268,10.005,13.34,9.264,0.4353,0.0,0.1393,0.2564,8.894,11.858,7.782,0.2704,0.0,0.0865,0.2274,7.782,10.746,6.67,0.2515,0.0,0.0805,0.2241
43,1.7917,closed-loop five-finger grasp,0.0,1.1247,0.34,1.0,0,8.009,12.225,9.274,0.503,0.0,0.161,0.2683,12.225,16.019,10.96,0.573,0.0,0.1834,0.2805,11.382,15.176,10.539,0.4974,0.0,0.1592,0.2673,10.117,13.489,8.852,0.309,0.0,0.0989,0.2342,8.852,12.225,7.588,0.2874,0.0,0.092,0.2304
44,1.8333,closed-loop five-finger grasp,0.0,1.2349,0.34,1.0,0,9.018,13.765,10.442,0.5719,0.0,0.183,0.2803,13.765,18.037,12.341,0.6515,0.0,0.2085,0.2943,12.815,17.087,11.866,0.5655,0.0,0.181,0.2792,11.392,15.189,9.968,0.3513,0.0,0.1124,0.2416,9.968,13.765,8.544,0.3268,0.0,0.1046,0.2373
45,1.875,closed-loop five-finger grasp,0.0,1.3491,0.34,1.0,0,10.064,15.36,11.653,0.6469,0.0,0.207,0.2935,15.36,20.127,13.771,0.7369,0.0,0.2358,0.3093,14.301,19.068,13.242,0.6397,0.0,0.2047,0.2922,12.712,16.949,11.123,0.3974,0.0,0.1272,0.2497,11.123,15.36,9.534,0.3696,0.0,0.1183,0.2448
46,1.9167,closed-loop five-finger grasp,0.0,1.4667,0.34,1.0,0,11.141,17.005,12.9,0.7282,0.0,0.233,0.3077,17.005,22.282,15.246,0.8295,0.0,0.2654,0.3255,15.832,21.109,14.659,0.7201,0.0,0.2304,0.3063,14.073,18.764,12.314,0.4473,0.0,0.1432,0.2585,12.314,17.005,10.555,0.4161,0.0,0.1331,0.253
47,1.9583,closed-loop five-finger grasp,0.0,1.5875,0.34,1.0,0,12.247,18.692,14.18,0.8157,0.0,0.261,0.3231,18.692,24.493,16.758,0.9292,0.0,0.2973,0.343,17.403,23.204,16.114,0.8066,0.0,0.2581,0.3215,15.469,20.626,13.536,0.5011,0.0,0.1604,0.2679,13.536,18.692,11.602,0.4661,0.0,0.1491,0.2618
48,2.0,closed-loop five-finger grasp,0.0,1.7108,0.34,1.0,0,13.376,20.416,15.488,0.9094,0.0,0.291,0.3395,20.416,26.752,18.304,1.036,0.0,0.3315,0.3617,19.008,25.344,17.6,0.8993,0.0,0.2878,0.3378,16.896,22.528,14.784,0.5587,0.0,0.1788,0.278,14.784,20.416,12.672,0.5196,0.0,0.1663,0.2712
49,2.0417,closed-loop five-finger grasp,0.0,1.8363,0.34,1.0,0,14.525,22.17,16.819,1.0093,0.0,0.323,0.3571,22.17,29.05,19.877,1.1497,0.0,0.3679,0.3817,20.641,27.521,19.112,0.998,0.0,0.3194,0.3551,18.348,24.464,16.054,0.62,0.0,0.1984,0.2888,16.054,22.17,13.761,0.5767,0.0,0.1845,0.2812
50,2.0833,closed-loop five-finger grasp,0.0,1.9635,0.34,1.0,0,15.69,23.948,18.167,1.1151,0.0,0.3568,0.3756,23.948,31.38,21.471,1.2703,0.0,0.4065,0.4029,22.296,29.729,20.645,1.1027,0.0,0.3529,0.3735,19.819,26.425,17.342,0.6851,0.0,0.2192,0.3002,17.342,23.948,14.864,0.6372,0.0,0.2039,0.2918
51,2.125,closed-loop five-finger grasp,0.0,2.092,0.34,1.0,0,16.867,25.744,19.53,1.2268,0.0,0.3926,0.3952,25.744,33.733,23.08,1.3975,0.0,0.4472,0.4252,23.968,31.958,22.193,1.2131,0.0,0.3882,0.3928,21.305,28.407,18.642,0.7537,0.0,0.2412,0.3122,18.642,25.744,15.979,0.701,0.0,0.2243,0.303
52,2.1667,closed-loop five-finger grasp,0.0,2.2213,0.34,1.0,0,18.05,27.551,20.9,1.3439,0.0,0.43,0.4158,27.551,36.101,24.7,1.5309,0.0,0.4899,0.4486,25.65,34.201,23.75,1.3289,0.0,0.4253,0.4131,22.8,30.401,19.95,0.8256,0.0,0.2642,0.3248,19.95,27.551,17.1,0.7679,0.0,0.2457,0.3147
53,2.2083,closed-loop five-finger grasp,0.0,2.3509,0.34,1.0,0,19.237,29.362,22.275,1.4662,0.0,0.4692,0.4372,29.362,38.475,26.325,1.6702,0.0,0.5345,0.473,27.337,36.45,25.312,1.4498,0.0,0.4639,0.4344,24.3,32.4,21.262,0.9007,0.0,0.2882,0.338,21.262,29.362,18.225,0.8377,0.0,0.2681,0.327
54,2.25,closed-loop five-finger grasp,0.0,2.4805,0.34,1.0,0,20.424,31.173,23.649,1.5932,0.0,0.5098,0.4595,31.173,40.848,27.948,1.8149,0.0,0.5808,0.4984,29.023,38.698,26.873,1.5754,0.0,0.5041,0.4564,25.799,34.398,22.574,0.9788,0.0,0.3132,0.3517,22.574,31.173,19.349,0.9103,0.0,0.2913,0.3397
55,2.2917,closed-loop five-finger grasp,0.0,2.6095,0.34,1.0,0,21.605,32.976,25.017,1.7245,0.0,0.5518,0.4825,32.976,43.21,29.565,1.9645,0.0,0.6286,0.5246,30.702,40.936,28.428,1.7053,0.0,0.5457,0.4792,27.291,36.388,23.879,1.0594,0.0,0.339,0.3659,23.879,32.976,20.468,0.9854,0.0,0.3153,0.3529
56,2.3333,closed-loop five-finger grasp,0.0,2.7375,0.34,1.0,0,22.777,34.766,26.374,1.8595,0.0,0.595,0.5062,34.766,45.555,31.169,2.1183,0.0,0.6778,0.5516,32.368,43.157,29.97,1.8388,0.0,0.5884,0.5026,28.772,38.362,25.175,1.1424,0.0,0.3656,0.3804,25.175,34.766,21.579,1.0625,0.0,0.34,0.3664
57,2.375,closed-loop five-finger grasp,0.0,2.8641,0.34,1.0,0,23.937,36.535,27.716,1.9976,0.0,0.6392,0.5305,36.535,47.873,32.755,2.2756,0.0,0.7282,0.5792,34.015,45.354,31.496,1.9754,0.0,0.6321,0.5266,30.236,40.314,26.456,1.2272,0.0,0.3927,0.3953,26.456,36.535,22.677,1.1414,0.0,0.3653,0.3803
58,2.4167,closed-loop five-finger grasp,0.0,2.9888,0.34,1.0,0,25.078,38.278,29.038,2.1382,0.0,0.6842,0.5551,38.278,50.157,34.318,2.4358,0.0,0.7794,0.6073,35.638,47.517,32.998,2.1144,0.0,0.6766,0.5509,31.678,42.237,27.718,1.3136,0.0,0.4204,0.4105,27.718,38.278,23.758,1.2218,0.0,0.391,0.3943
59,2.4583,closed-loop five-finger grasp,0.0,3.1112,0.34,1.0,0,26.199,39.988,30.335,2.2805,0.0,0.7298,0.5801,39.988,52.397,35.851,2.5979,0.0,0.8313,0.6358,37.23,49.64,34.472,2.2551,0.0,0.7216,0.5756,33.093,44.124,28.956,1.401,0.0,0.4483,0.4258,28.956,39.988,24.82,1.3031,0.0,0.417,0.4086
60,2.5,closed-loop five-finger grasp,0.0,3.2307,0.34,1.0,0,27.294,41.659,31.603,2.4237,0.0,0.7756,0.6052,41.659,54.587,37.349,2.761,0.0,0.8835,0.6644,38.786,51.714,35.913,2.3967,0.0,0.7669,0.6005,34.476,45.968,30.167,1.489,0.0,0.4765,0.4412,30.167,41.659,25.857,1.3849,0.0,0.4432,0.423
61,2.5417,closed-loop five-finger grasp,0.0,3.3471,0.34,1.0,0,28.359,43.284,32.836,2.567,0.0,0.8214,0.6303,43.284,56.717,38.806,2.9242,0.0,0.9357,0.693,40.299,53.732,37.314,2.5384,0.0,0.8123,0.6253,35.821,47.762,31.344,1.577,0.0,0.5046,0.4567,31.344,43.284,26.866,1.4667,0.0,0.4694,0.4373
62,2.5833,closed-loop five-finger grasp,0.0,3.4597,0.34,1.0,0,29.39,44.858,34.03,2.7094,0.0,0.867,0.6553,44.858,58.78,40.218,3.0865,0.0,0.9877,0.7215,41.765,55.686,38.671,2.6792,0.0,0.8574,0.65,37.124,49.499,32.484,1.6645,0.0,0.5326,0.472,32.484,44.858,27.843,1.5481,0.0,0.4954,0.4516
63,2.625,closed-loop five-finger grasp,0.0,3.5682,0.34,1.0,0,30.383,46.374,35.181,2.8501,0.0,0.912,0.68,46.374,60.766,41.577,3.2467,0.0,1.0389,0.7496,43.176,57.568,39.978,2.8183,0.0,0.9019,0.6744,38.379,51.172,33.581,1.7509,0.0,0.5603,0.4872,33.581,46.374,28.784,1.6285,0.0,0.5211,0.4657
64,2.6667,closed-loop five-finger grasp,0.0,3.6721,0.34,1.0,0,31.335,47.826,36.282,2.9879,0.0,0.9561,0.7042,47.826,62.669,42.879,3.4037,0.0,1.0892,0.7771,44.528,59.371,41.23,2.9546,0.0,0.9455,0.6984,39.58,52.774,34.633,1.8356,0.0,0.5874,0.502,34.633,47.826,29.685,1.7073,0.0,0.5463,0.4795
65,2.7083,closed-loop five-finger grasp,0.0,3.7709,0.34,1.0,0,32.24,49.208,37.33,3.122,0.0,0.999,0.7277,49.208,64.479,44.117,3.5564,0.0,1.1381,0.8039,45.814,61.086,42.421,3.0872,0.0,0.9879,0.7216,40.724,54.298,35.633,1.918,0.0,0.6137,0.5165,35.633,49.208,30.543,1.7839,0.0,0.5708,0.493
66,2.75,closed-loop five-finger grasp,0.0,3.8643,0.34,1.0,0,33.094,50.513,38.32,3.2511,0.0,1.0404,0.7504,50.513,66.189,45.287,3.7036,0.0,1.1851,0.8297,47.029,62.705,43.545,3.2149,0.0,1.0288,0.744,41.804,55.738,36.578,1.9973,0.0,0.6391,0.5304,36.578,50.513,31.353,1.8577,0.0,0.5945,0.5059
67,2.7917,closed-loop five-finger grasp,0.0,3.9517,0.34,1.0,0,33.895,51.734,39.247,3.3744,0.0,1.0798,0.772,51.734,67.79,46.382,3.8439,0.0,1.2301,0.8544,48.166,64.222,44.598,3.3368,0.0,1.0678,0.7654,42.815,57.086,37.463,2.073,0.0,0.6634,0.5437,37.463,51.734,32.111,1.9281,0.0,0.617,0.5183
68,2.8333,closed-loop five-finger grasp,0.0,4.0327,0.34,1.0,0,34.637,52.866,40.106,3.4905,0.0,1.117,0.7924,52.866,69.273,47.398,3.9763,0.0,1.2724,0.8776,49.221,65.627,45.575,3.4517,0.0,1.1045,0.7856,43.752,58.335,38.283,2.1444,0.0,0.6862,0.5562,38.283,52.866,32.814,1.9945,0.0,0.6382,0.5299
69,2.875,closed-loop five-finger grasp,0.0,4.1069,0.34,1.0,0,35.316,53.903,40.892,3.5986,0.0,1.1515,0.8113,53.903,70.632,48.327,4.0993,0.0,1.3118,0.8992,50.186,66.914,46.468,3.5585,0.0,1.1387,0.8043,44.609,59.479,39.033,2.2108,0.0,0.7074,0.5679,39.033,53.903,33.457,2.0562,0.0,0.658,0.5407
70,2.9167,closed-loop five-finger grasp,0.0,4.1737,0.34,1.0,0,35.928,54.838,41.601,3.6973,0.0,1.1831,0.8287,54.838,71.856,49.165,4.2118,0.0,1.3478,0.9189,51.056,68.074,47.274,3.6561,0.0,1.17,0.8214,45.383,60.511,39.71,2.2714,0.0,0.7269,0.5785,39.71,54.838,34.037,2.1126,0.0,0.676,0.5506
71,2.9583,closed-loop five-finger grasp,0.0,4.2329,0.34,1.0,0,36.47,55.664,42.228,3.7857,0.0,1.2114,0.8442,55.664,72.939,49.906,4.3125,0.0,1.38,0.9366,51.825,69.1,47.986,3.7435,0.0,1.1979,0.8368,46.067,61.422,40.309,2.3257,0.0,0.7442,0.588,40.309,55.664,34.55,2.1631,0.0,0.6922,0.5595
72,3.0,closed-loop five-finger grasp,0.0,4.2838,0.34,1.0,0,36.936,56.376,42.768,3.8626,0.0,1.236,0.8577,56.376,73.872,50.544,4.4002,0.0,1.408,0.952,52.488,69.984,48.6,3.8196,0.0,1.2223,0.8501,46.656,62.208,40.824,2.373,0.0,0.7594,0.5963,40.824,56.376,34.992,2.2071,0.0,0.7063,0.5672
73,3.0417,closed-loop five-finger grasp,0.0,4.3261,0.34,1.0,0,37.323,56.967,43.216,3.9271,0.0,1.2567,0.869,56.967,74.646,51.074,4.4736,0.0,1.4315,0.9648,53.038,70.718,49.11,3.8833,0.0,1.2427,0.8613,47.145,62.86,41.252,2.4126,0.0,0.772,0.6033,41.252,56.967,35.359,2.2439,0.0,0.718,0.5737
74,3.0833,closed-loop five-finger grasp,0.0,4.3593,0.34,1.0,0,37.627,57.431,43.568,3.978,0.0,1.273,0.8779,57.431,75.254,51.49,4.5316,0.0,1.4501,0.975,53.47,71.294,49.509,3.9337,0.0,1.2588,0.8701,47.529,63.372,41.588,2.4439,0.0,0.782,0.6088,41.588,57.431,35.647,2.273,0.0,0.7274,0.5788
75,3.125,closed-loop five-finger grasp,0.0,4.3829,0.34,1.0,0,37.844,57.761,43.819,4.0145,0.0,1.2846,0.8843,57.761,75.687,51.786,4.5732,0.0,1.4634,0.9823,53.778,71.704,49.794,3.9698,0.0,1.2703,0.8765,47.803,63.737,41.827,2.4663,0.0,0.7892,0.6127,41.827,57.761,35.852,2.2938,0.0,0.734,0.5824
76,3.1667,closed-loop five-finger grasp,0.0,4.3966,0.34,1.0,0,37.969,57.952,43.964,4.0357,0.0,1.2914,0.888,57.952,75.937,51.957,4.5972,0.0,1.4711,0.9865,53.956,71.941,49.959,3.9907,0.0,1.277,0.8801,47.96,63.947,41.965,2.4793,0.0,0.7934,0.615,41.965,57.952,35.97,2.3059,0.0,0.7379,0.5845
77,3.2083,closed-loop five-finger grasp,0.0,4.4,0.34,1.0,0,38.0,58.0,44.0,4.041,0.0,1.2931,0.8889,58.0,76.0,52.0,4.6033,0.0,1.4731,0.9876,54.0,72.0,50.0,3.9959,0.0,1.2787,0.881,48.0,64.0,42.0,2.4825,0.0,0.7944,0.6155,42.0,58.0,36.0,2.309,0.0,0.7389,0.5851
78,3.25,closed-loop five-finger grasp,0.0,4.4,0.34,1.0,0,38.0,58.0,44.0,4.041,0.0,1.2931,0.8889,58.0,76.0,52.0,4.6033,0.0,1.4731,0.9876,54.0,72.0,50.0,3.9959,0.0,1.2787,0.881,48.0,64.0,42.0,2.4825,0.0,0.7944,0.6155,42.0,58.0,36.0,2.309,0.0,0.7389,0.5851
79,3.2917,closed-loop five-finger grasp,0.0,4.4,0.34,1.0,0,38.0,58.0,44.0,4.041,0.0,1.2931,0.8889,58.0,76.0,52.0,4.6033,0.0,1.4731,0.9876,54.0,72.0,50.0,3.9959,0.0,1.2787,0.881,48.0,64.0,42.0,2.4825,0.0,0.7944,0.6155,42.0,58.0,36.0,2.309,0.0,0.7389,0.5851
80,3.3333,closed-loop five-finger grasp,0.0,4.4,0.34,1.0,0,38.0,58.0,44.0,4.041,0.0,1.2931,0.8889,58.0,76.0,52.0,4.6033,0.0,1.4731,0.9876,54.0,72.0,50.0,3.9959,0.0,1.2787,0.881,48.0,64.0,42.0,2.4825,0.0,0.7944,0.6155,42.0,58.0,36.0,2.309,0.0,0.7389,0.5851
81,3.375,closed-loop five-finger grasp,0.0,4.4,0.34,1.0,0,38.0,58.0,44.0,4.041,0.0,1.2931,0.8889,58.0,76.0,52.0,4.6033,0.0,1.4731,0.9876,54.0,72.0,50.0,3.9959,0.0,1.2787,0.881,48.0,64.0,42.0,2.4825,0.0,0.7944,0.6155,42.0,58.0,36.0,2.309,0.0,0.7389,0.5851
82,3.4167,closed-loop five-finger grasp,0.0,4.4,0.34,1.0,0,38.0,58.0,44.0,4.075,0.0,1.304,0.8949,58.0,76.0,52.0,4.609,0.0,1.4749,0.9886,54.0,72.0,50.0,3.9672,0.0,1.2695,0.876,48.0,64.0,42.0,2.4685,0.0,0.7899,0.6131,42.0,58.0,36.0,2.3253,0.0,0.7441,0.5879
83,3.4583,closed-loop five-finger grasp,0.0,4.4,0.34,1.0,0,38.0,58.0,44.0,4.1596,0.0,1.3311,0.9098,58.0,76.0,52.0,4.6182,0.0,1.4778,0.9902,54.0,72.0,50.0,3.8936,0.0,1.246,0.8631,48.0,64.0,42.0,2.437,0.0,0.7799,0.6076,42.0,58.0,36.0,2.3688,0.0,0.758,0.5956
84,3.5,cap rotation + tactile feedback,0.0,4.4,0.34,1.0,0,38.0,58.0,44.0,4.2432,0.0,1.3578,0.9244,58.0,76.0,52.0,4.6196,0.0,1.4783,0.9905,54.0,72.0,50.0,3.8181,0.0,1.2218,0.8498,48.0,64.0,42.0,2.411,0.0,0.7715,0.603,42.0,58.0,36.0,2.4157,0.0,0.773,0.6038
85,3.5417,cap rotation + tactile feedback,0.0,4.4,0.34,1.0,0,38.0,58.0,44.0,4.3249,0.0,1.384,0.9388,58.0,76.0,52.0,4.6135,0.0,1.4763,0.9894,54.0,72.0,50.0,3.7413,0.0,1.1972,0.8364,48.0,64.0,42.0,2.3907,0.0,0.765,0.5994,42.0,58.0,36.0,2.4655,0.0,0.789,0.6126
86,3.5833,cap rotation + tactile feedback,0.0,4.4,0.34,1.0,0,38.0,58.0,44.0,4.404,0.0,1.4093,0.9526,58.0,76.0,52.0,4.5998,0.0,1.4719,0.987,54.0,72.0,50.0,3.6639,0.0,1.1725,0.8228,48.0,64.0,42.0,2.3763,0.0,0.7604,0.5969,42.0,58.0,36.0,2.518,0.0,0.8057,0.6217
87,3.625,cap rotation + tactile feedback,0.003,4.4,0.34,1.0,0,38.001,58.0,44.0,4.4798,0.0,1.4335,0.9659,58.0,76.0,52.0,4.5786,0.0,1.4652,0.9833,54.0,72.0,50.0,3.5867,0.0,1.1477,0.8093,48.0,64.0,42.0,2.3678,0.0,0.7577,0.5954,42.0,58.0,36.0,2.5724,0.0,0.8232,0.6313
88,3.6667,cap rotation + tactile feedback,0.026,4.4,0.34,1.0,0,38.005,58.003,44.0,4.5515,0.0001,1.4564,0.9785,57.998,76.0,52.0,4.5502,0.0002,1.456,0.9783,54.001,72.0,50.0,3.5104,0.0002,1.1232,0.7959,48.0,64.0,42.0,2.3655,0.0002,0.7569,0.595,42.0,58.0,36.0,2.6285,0.0002,0.841,0.6411
89,3.7083,cap rotation + tactile feedback,0.087,4.4,0.34,1.0,0,38.016,58.008,44.0,4.6186,0.0004,1.4778,0.9903,57.993,76.0,52.0,4.5148,0.0004,1.4446,0.9721,54.004,72.0,50.0,3.4356,0.0005,1.0992,0.7827,48.0,64.0,42.0,2.3692,0.0005,0.7579,0.5957,42.0,58.0,36.0,2.6856,0.0006,0.8591,0.6512
90,3.75,cap rotation + tactile feedback,0.2,4.4,0.34,1.0,0,38.033,58.017,44.0,4.6804,0.0007,1.4974,1.0,57.987,76.0,52.0,4.4728,0.0008,1.4309,0.9647,54.008,72.0,50.0,3.363,0.0009,1.0758,0.77,48.0,64.0,42.0,2.379,0.001,0.7609,0.5974,42.0,58.0,36.0,2.7432,0.0011,0.8773,0.6613
91,3.7917,cap rotation + tactile feedback,0.38,4.4,0.34,1.0,0,38.054,58.027,44.0,4.7363,0.0012,1.5151,1.0,57.978,76.0,52.0,4.4244,0.0013,1.4153,0.9562,54.014,72.0,50.0,3.2934,0.0015,1.0533,0.7578,48.0,64.0,42.0,2.3948,0.0016,0.7657,0.6001,42.0,58.0,36.0,2.8008,0.0018,0.8955,0.6714
92,3.8333,cap rotation + tactile feedback,0.637,4.4,0.34,1.0,0,38.076,58.038,44.0,4.7858,0.0017,1.5307,1.0,57.97,76.0,52.0,4.3702,0.0019,1.3977,0.9467,54.019,72.0,50.0,3.2273,0.0022,1.0318,0.7462,48.0,64.0,42.0,2.4165,0.0024,0.7723,0.6039,42.0,58.0,36.0,2.8578,0.0026,0.9134,0.6814
93,3.875,cap rotation + tactile feedback,0.981,4.4,0.34,1.0,0,38.094,58.047,44.0,4.8285,0.0024,1.5441,1.0,57.962,76.0,52.0,4.3107,0.0027,1.3783,0.9363,54.024,72.0,50.0,3.1654,0.003,1.0117,0.7353,48.0,64.0,42.0,2.4438,0.0033,0.7806,0.6087,42.0,58.0,36.0,2.9138,0.0036,0.9309,0.6912
94,3.9167,cap rotation + tactile feedback,1.418,4.4,0.34,1.0,0,38.103,58.051,44.0,4.8639,0.0031,1.5551,1.0,57.959,76.0,52.0,4.2464,0.0035,1.3574,0.925,54.026,72.0,50.0,3.1082,0.0039,0.993,0.7253,48.0,64.0,42.0,2.4764,0.0044,0.7906,0.6145,42.0,58.0,36.0,2.9682,0.0048,0.9478,0.7007
95,3.9583,cap rotation + tactile feedback,1.955,4.4,0.34,1.0,0,38.096,58.048,44.0,4.8918,0.0039,1.5637,1.0,57.961,76.0,52.0,4.1779,0.0045,1.335,0.913,54.024,72.0,50.0,3.0562,0.005,0.9759,0.7162,48.0,64.0,42.0,2.5142,0.0055,0.8022,0.6211,42.0,58.0,36.0,3.0206,0.0061,0.964,0.7099
96,4.0,cap rotation + tactile feedback,2.596,4.4,0.34,1.0,0,38.07,58.035,44.0,4.9119,0.0049,1.5698,1.0,57.972,76.0,52.0,4.1058,0.0055,1.3115,0.9003,54.018,72.0,50.0,3.01,0.0062,0.9606,0.7081,48.0,64.0,42.0,2.5566,0.0069,0.8152,0.6285,42.0,58.0,36.0,3.0703,0.0075,0.9793,0.7187
97,4.0417,cap rotation + tactile feedback,3.345,4.4,0.34,1.0,0,38.022,58.011,44.0,4.924,0.0059,1.5732,1.0,57.991,76.0,52.0,4.0308,0.0067,1.287,0.8872,54.005,72.0,50.0,2.9699,0.0075,0.9472,0.701,48.0,64.0,42.0,2.6035,0.0083,0.8296,0.6368,42.0,58.0,36.0,3.1171,0.0091,0.9937,0.7269
98,4.0833,cap rotation + tactile feedback,4.206,4.4,0.34,1.0,0,37.949,57.974,44.0,4.928,0.007,1.574,1.0,58.02,76.0,52.0,3.9536,0.0079,1.2618,0.8736,53.987,72.0,50.0,2.9363,0.0089,0.9359,0.6951,48.0,64.0,42.0,2.6542,0.0099,0.8452,0.6457,42.0,58.0,36.0,3.1604,0.0108,1.0068,0.7345
99,4.125,cap rotation + tactile feedback,5.18,4.4,0.34,1.0,0,37.854,57.927,44.0,4.9239,0.0082,1.5722,1.0,58.059,76.0,52.0,3.8748,0.0093,1.236,0.8598,53.963,72.0,50.0,2.9096,0.0104,0.9267,0.6905,48.0,64.0,42.0,2.7085,0.0115,0.8619,0.6552,42.0,58.0,36.0,3.1999,0.0126,1.0187,0.7414
100,4.1667,cap rotation + tactile feedback,6.268,4.4,0.34,1.0,0,37.74,57.87,44.0,4.9116,0.0095,1.5677,1.0,58.104,76.0,52.0,3.7953,0.0107,1.21,0.8458,53.935,72.0,50.0,2.8899,0.012,0.9197,0.687,48.0,64.0,42.0,2.7656,0.0133,0.8794,0.6652,42.0,58.0,36.0,3.2352,0.0146,1.0291,0.7476
101,4.2083,cap rotation + tactile feedback,7.47,4.4,0.34,1.0,0,37.616,57.808,44.0,4.8914,0.0108,1.5607,1.0,58.154,76.0,52.0,3.7157,0.0123,1.1839,0.8319,53.904,72.0,50.0,2.8775,0.0137,0.915,0.6848,48.0,64.0,42.0,2.8252,0.0152,0.8977,0.6757,42.0,58.0,36.0,3.266,0.0167,1.0381,0.753
102,4.25,cap rotation + tactile feedback,8.788,4.4,0.34,1.0,0,37.49,57.745,44.0,4.8633,0.0122,1.5511,1.0,58.204,76.0,52.0,3.6367,0.0139,1.1579,0.818,53.873,72.0,50.0,2.8724,0.0156,0.9126,0.6839,48.0,64.0,42.0,2.8867,0.0172,0.9165,0.6864,42.0,58.0,36.0,3.2919,0.0189,1.0455,0.7575
103,4.2917,cap rotation + tactile feedback,10.219,4.4,0.34,1.0,0,37.375,57.688,44.0,4.8277,0.0137,1.5391,1.0,58.25,76.0,52.0,3.5592,0.0156,1.1324,0.8044,53.844,72.0,50.0,2.8748,0.0175,0.9126,0.6844,48.0,64.0,42.0,2.9495,0.0193,0.9357,0.6975,42.0,58.0,36.0,3.3128,0.0212,1.0512,0.7612
104,4.3333,cap rotation + tactile feedback,11.765,4.4,0.34,1.0,0,37.284,57.642,44.0,4.7849,0.0153,1.5248,1.0,58.286,76.0,52.0,3.4838,0.0174,1.1075,0.7912,53.821,72.0,50.0,2.8846,0.0195,0.9149,0.6861,48.0,64.0,42.0,3.0131,0.0216,0.9551,0.7086,42.0,58.0,36.0,3.3285,0.0236,1.0552,0.764
105,4.375,cap rotation + tactile feedback,13.422,4.4,0.34,1.0,0,37.229,57.615,44.0,4.7353,0.0169,1.5082,1.0,58.308,76.0,52.0,3.4111,0.0193,1.0835,0.7784,53.807,72.0,50.0,2.9016,0.0216,0.9195,0.6891,48.0,64.0,42.0,3.0768,0.0239,0.9745,0.7198,42.0,58.0,36.0,3.3388,0.0262,1.0574,0.7658
106,4.4167,cap rotation + tactile feedback,15.19,4.4,0.34,1.0,0,37.223,57.611,44.0,4.6793,0.0186,1.4895,1.0,58.311,76.0,52.0,3.3419,0.0212,1.0605,0.7663,53.806,72.0,50.0,2.9258,0.0237,0.9263,0.6933,48.0,64.0,42.0,3.1401,0.0263,0.9938,0.7309,42.0,58.0,36.0,3.3436,0.0288,1.0579,0.7666
107,4.4583,cap rotation + tactile feedback,17.067,4.4,0.34,1.0,0,37.274,57.637,44.0,4.6174,0.0204,1.469,0.9901,58.291,76.0,52.0,3.2768,0.0232,1.0388,0.7549,53.818,72.0,50.0,2.9569,0.026,0.9353,0.6988,48.0,64.0,42.0,3.2024,0.0288,1.0127,0.7418,42.0,58.0,36.0,3.3429,0.0316,1.0565,0.7665
108,4.5,cap rotation + tactile feedback,19.051,4.4,0.34,1.0,0,37.388,57.694,44.0,4.5503,0.0222,1.4467,0.9783,58.245,76.0,52.0,3.2165,0.0253,1.0186,0.7443,53.847,72.0,50.0,2.9947,0.0283,0.9464,0.7054,48.0,64.0,42.0,3.2631,0.0313,1.031,0.7525,42.0,58.0,36.0,3.3367,0.0344,1.0533,0.7654
109,4.5417,cap rotation + tactile feedback,21.139,4.4,0.34,1.0,0,37.568,57.784,44.0,4.4784,0.0241,1.423,0.9657,58.173,76.0,52.0,3.1613,0.0274,1.0001,0.7346,53.892,72.0,50.0,3.0387,0.0307,0.9595,0.7131,48.0,64.0,42.0,3.3217,0.034,1.0487,0.7628,42.0,58.0,36.0,3.325,0.0373,1.0483,0.7633
110,4.5833,cap rotation + tactile feedback,23.329,4.4,0.34,1.0,0,37.809,57.905,44.0,4.4026,0.0261,1.3979,0.9524,58.076,76.0,52.0,3.1119,0.0296,0.9834,0.726,53.952,72.0,50.0,3.0887,0.0332,0.9744,0.7219,48.0,64.0,42.0,3.3776,0.0368,1.0654,0.7726,42.0,58.0,36.0,3.308,0.0403,1.0416,0.7603
111,4.625,cap rotation + tactile feedback,25.617,4.4,0.34,1.0,0,38.103,58.052,44.0,4.3234,0.0281,1.3717,0.9385,57.959,76.0,52.0,3.0688,0.0319,0.9686,0.7184,54.026,72.0,50.0,3.144,0.0357,0.9911,0.7316,48.0,64.0,42.0,3.4303,0.0396,1.0811,0.7818,42.0,58.0,36.0,3.2858,0.0434,1.0332,0.7564
112,4.6667,cap rotation + tactile feedback,28.003,4.4,0.34,1.0,0,38.436,58.218,44.0,4.2417,0.0301,1.3447,0.9242,57.826,76.0,52.0,3.0322,0.0342,0.9559,0.712,54.109,72.0,50.0,3.2043,0.0383,1.0093,0.7422,48.0,64.0,42.0,3.4794,0.0425,1.0956,0.7904,42.0,58.0,36.0,3.2586,0.0466,1.0232,0.7517
113,4.7083,cap rotation + tactile feedback,30.481,4.4,0.34,1.0,0,38.788,58.394,44.0,4.1581,0.0322,1.3171,0.9095,57.685,76.0,52.0,3.0025,0.0366,0.9454,0.7068,54.197,72.0,50.0,3.269,0.041,1.0288,0.7535,48.0,64.0,42.0,3.5243,0.0454,1.1087,0.7983,42.0,58.0,36.0,3.2266,0.0498,1.0116,0.7461
114,4.75,cap rotation + tactile feedback,33.05,4.4,0.34,1.0,0,39.137,58.569,44.0,4.0734,0.0344,1.2891,0.8946,57.545,76.0,52.0,2.9801,0.0391,0.9372,0.7028,54.284,72.0,50.0,3.3374,0.0437,1.0496,0.7655,48.0,64.0,42.0,3.5647,0.0484,1.1204,0.8054,42.0,58.0,36.0,3.1902,0.0531,0.9986,0.7397
115,4.7917,cap rotation + tactile feedback,35.706,4.4,0.34,1.0,0,39.459,58.729,44.0,3.9884,0.0366,1.2609,0.8797,57.417,76.0,52.0,2.9651,0.0415,0.9314,0.7002,54.365,72.0,50.0,3.409,0.0465,1.0713,0.7781,48.0,64.0,42.0,3.6003,0.0515,1.1304,0.8116,42.0,58.0,36.0,3.1497,0.0565,0.9842,0.7326
116,4.8333,cap rotation + tactile feedback,38.446,4.4,0.34,1.0,0,39.726,58.863,44.0,3.904,0.0388,1.233,0.8649,57.31,76.0,52.0,2.9577,0.0441,0.9279,0.6989,54.431,72.0,50.0,3.483,0.0494,1.0938,0.7911,48.0,64.0,42.0,3.6305,0.0547,1.1388,0.8169,42.0,58.0,36.0,3.1054,0.0599,0.9686,0.7248
117,4.875,cap rotation + tactile feedback,41.267,4.4,0.34,1.0,0,39.915,58.957,44.0,3.8207,0.041,1.2054,0.8503,57.234,76.0,52.0,2.9578,0.0466,0.9269,0.6989,54.479,72.0,50.0,3.5589,0.0522,1.1169,0.8044,48.0,64.0,42.0,3.6553,0.0578,1.1454,0.8213,42.0,58.0,36.0,3.0579,0.0634,0.9519,0.7165
118,4.9167,cap rotation + tactile feedback,44.165,4.4,0.34,1.0,0,40.003,59.002,44.0,3.7395,0.0434,1.1784,0.8361,57.199,76.0,52.0,2.9656,0.0493,0.9283,0.7003,54.501,72.0,50.0,3.6359,0.0552,1.1403,0.8179,48.0,64.0,42.0,3.6744,0.0611,1.1501,0.8246,42.0,58.0,36.0,3.0074,0.067,0.9342,0.7076
119,4.9583,cap rotation + tactile feedback,47.136,4.4,0.34,1.0,0,39.975,58.987,44.0,3.6611,0.0457,1.1524,0.8223,57.21,76.0,52.0,2.981,0.0519,0.9321,0.703,54.494,72.0,50.0,3.7133,0.0581,1.1638,0.8314,48.0,64.0,42.0,3.6875,0.0644,1.153,0.8269,42.0,58.0,36.0,2.9545,0.0706,0.9158,0.6983
120,5.0,cap rotation + tactile feedback,50.178,4.4,0.34,1.0,0,39.819,58.909,44.0,3.5861,0.048,1.1274,0.8091,57.272,76.0,52.0,3.0037,0.0546,0.9383,0.707,54.455,72.0,50.0,3.7903,0.0611,1.1872,0.845,48.0,64.0,42.0,3.6946,0.0677,1.1538,0.8282,42.0,58.0,36.0,2.8996,0.0743,0.8967,0.6887
121,5.0417,cap rotation + tactile feedback,53.286,4.4,0.34,1.0,0,39.533,58.766,44.0,3.5153,0.0504,1.1037,0.7967,57.387,76.0,52.0,3.0337,0.0573,0.9467,0.7122,54.383,72.0,50.0,3.8664,0.0642,1.2103,0.8583,48.0,64.0,42.0,3.6957,0.0711,1.1528,0.8284,42.0,58.0,36.0,2.8433,0.0779,0.8771,0.6788
122,5.0833,cap rotation + tactile feedback,56.458,4.4,0.34,1.0,0,39.123,58.561,44.0,3.4494,0.0529,1.0816,0.7852,57.551,76.0,52.0,3.0706,0.0601,0.9574,0.7187,54.281,72.0,50.0,3.9408,0.0673,1.2328,0.8714,48.0,64.0,42.0,3.6906,0.0745,1.1497,0.8275,42.0,58.0,36.0,2.786,0.0817,0.8572,0.6688
123,5.125,cap rotation + tactile feedback,59.689,4.4,0.34,1.0,0,38.604,58.302,44.0,3.3888,0.0553,1.0612,0.7745,57.758,76.0,52.0,3.1141,0.0628,0.9701,0.7263,54.151,72.0,50.0,4.0127,0.0704,1.2545,0.884,48.0,64.0,42.0,3.6795,0.0779,1.1447,0.8255,42.0,58.0,36.0,2.7284,0.0855,0.8372,0.6587
124,5.1667,cap rotation + tactile feedback,62.976,4.4,0.34,1.0,0,38.0,58.0,44.0,3.3343,0.0578,1.0427,0.765,58.0,76.0,52.0,3.1637,0.0656,0.9848,0.735,54.0,72.0,50.0,4.0817,0.0735,1.2753,0.8961,48.0,64.0,42.0,3.6624,0.0814,1.1378,0.8225,42.0,58.0,36.0,2.6709,0.0893,0.8172,0.6486
125,5.2083,cap rotation + tactile feedback,66.315,4.4,0.34,1.0,0,37.342,57.671,44.0,3.2862,0.0602,1.0263,0.7565,58.263,76.0,52.0,3.2191,0.0684,1.0014,0.7448,53.836,72.0,50.0,4.1469,0.0767,1.2948,0.9075,48.0,64.0,42.0,3.6395,0.0849,1.129,0.8185,42.0,58.0,36.0,2.614,0.0931,0.7974,0.6386
126,5.25,cap rotation + tactile feedback,69.703,4.4,0.34,1.0,0,36.668,57.334,44.0,3.2451,0.0627,1.0121,0.7493,58.533,76.0,52.0,3.2797,0.0713,1.0196,0.7554,53.667,72.0,50.0,4.2078,0.0798,1.313,0.9182,48.0,64.0,42.0,3.611,0.0884,1.1184,0.8135,42.0,58.0,36.0,2.5583,0.0969,0.778,0.6288
127,5.2917,cap rotation + tactile feedback,73.136,4.4,0.34,1.0,0,36.018,57.009,44.0,3.2113,0.0652,1.0002,0.7434,58.793,76.0,52.0,3.345,0.0741,1.0393,0.7668,53.505,72.0,50.0,4.264,0.083,1.3296,0.9281,48.0,64.0,42.0,3.5772,0.0919,1.1061,0.8076,42.0,58.0,36.0,2.5043,0.1008,0.7591,0.6194
128,5.3333,cap rotation + tactile feedback,76.609,4.4,0.34,1.0,0,35.436,56.718,44.0,3.1851,0.0677,0.9908,0.7388,59.026,76.0,52.0,3.4144,0.077,1.0603,0.779,53.359,72.0,50.0,4.3147,0.0862,1.3445,0.937,48.0,64.0,42.0,3.5384,0.0954,1.0922,0.8008,42.0,58.0,36.0,2.4525,0.1047,0.7408,0.6103
129,5.375,cap rotation + tactile feedback,80.121,4.4,0.34,1.0,0,34.963,56.481,44.0,3.1667,0.0703,0.9838,0.7356,59.215,76.0,52.0,3.4871,0.0798,1.0824,0.7918,53.241,72.0,50.0,4.3596,0.0894,1.3575,0.9448,48.0,64.0,42.0,3.4949,0.099,1.0768,0.7931,42.0,58.0,36.0,2.4033,0.1086,0.7235,0.6016
130,5.4167,cap rotation + tactile feedback,83.665,4.4,0.34,1.0,0,34.637,56.318,44.0,3.1564,0.0728,0.9795,0.7337,59.345,76.0,52.0,3.5627,0.0827,1.1053,0.805,53.159,72.0,50.0,4.3983,0.0926,1.3686,0.9516,48.0,64.0,42.0,3.4472,0.1026,1.06,0.7848,42.0,58.0,36.0,2.3573,0.1125,0.7071,0.5936
131,5.4583,cap rotation + tactile feedback,87.24,4.4,0.34,1.0,0,34.487,56.244,44.0,3.1541,0.0753,0.9777,0.7334,59.405,76.0,52.0,3.6403,0.0856,1.129,0.8187,53.122,72.0,50.0,4.4304,0.0958,1.3775,0.9573,48.0,64.0,42.0,3.3956,0.1061,1.042,0.7757,42.0,58.0,36.0,2.3148,0.1164,0.6918,0.5861
132,5.5,cap rotation + tactile feedback,90.841,4.4,0.34,1.0,0,34.536,56.268,44.0,3.16,0.0778,0.9785,0.7344,59.385,76.0,52.0,3.7193,0.0884,1.153,0.8325,53.134,72.0,50.0,4.4556,0.0991,1.3842,0.9617,48.0,64.0,42.0,3.3407,0.1097,1.023,0.7661,42.0,58.0,36.0,2.2762,0.1203,0.6779,0.5793
133,5.5417,cap rotation + tactile feedback,94.464,4.4,0.34,1.0,0,34.794,56.397,44.0,3.174,0.0804,0.9819,0.7369,59.282,76.0,52.0,3.7989,0.0913,1.1773,0.8465,53.199,72.0,50.0,4.4737,0.1023,1.3886,0.9649,48.0,64.0,42.0,3.283,0.1132,1.003,0.756,42.0,58.0,36.0,2.2418,0.1242,0.6652,0.5733
134,5.5833,cap rotation + tactile feedback,98.106,4.4,0.34,1.0,0,35.258,56.629,44.0,3.196,0.0829,0.9879,0.7407,59.097,76.0,52.0,3.8784,0.0942,1.2015,0.8604,53.315,72.0,50.0,4.4846,0.1055,1.3908,0.9668,48.0,64.0,42.0,3.2229,0.1168,0.9823,0.7454,42.0,58.0,36.0,2.2121,0.1281,0.6541,0.5681
135,5.625,cap rotation + tactile feedback,101.762,4.4,0.34,1.0,0,35.913,56.956,44.0,3.2257,0.0854,0.9964,0.7459,58.835,76.0,52.0,3.9571,0.097,1.2255,0.8742,53.478,72.0,50.0,4.488,0.1087,1.3905,0.9674,48.0,64.0,42.0,3.1611,0.1203,0.961,0.7346,42.0,58.0,36.0,2.1872,0.132,0.6445,0.5637
136,5.6667,cap rotation + tactile feedback,105.43,4.4,0.34,1.0,0,36.729,57.365,44.0,3.2629,0.0879,1.0072,0.7524,58.508,76.0,52.0,4.0343,0.0999,1.249,0.8878,53.682,72.0,50.0,4.484,0.1118,1.3879,0.9667,48.0,64.0,42.0,3.0981,0.1238,0.9394,0.7235,42.0,58.0,36.0,2.1674,0.1358,0.6365,0.5603
137,5.7083,cap rotation + tactile feedback,109.104,4.4,0.34,1.0,0,37.668,57.834,44.0,3.3072,0.0904,1.0204,0.7602,58.133,76.0,52.0,4.1092,0.1027,1.2718,0.9009,53.917,72.0,50.0,4.4727,0.115,1.3829,0.9647,48.0,64.0,42.0,3.0345,0.1273,0.9175,0.7124,42.0,58.0,36.0,2.1529,0.1397,0.6303,0.5577
138,5.75,cap rotation + tactile feedback,112.782,4.4,0.34,1.0,0,38.68,58.34,44.0,3.3583,0.0928,1.0357,0.7692,57.728,76.0,52.0,4.1811,0.1055,1.2936,0.9135,54.17,72.0,50.0,4.454,0.1182,1.3757,0.9614,48.0,64.0,42.0,2.9708,0.1308,0.8957,0.7012,42.0,58.0,36.0,2.1438,0.1435,0.6258,0.5561
139,5.7917,cap rotation + tactile feedback,116.46,4.4,0.34,1.0,0,39.706,58.853,44.0,3.4156,0.0953,1.053,0.7792,57.318,76.0,52.0,4.2494,0.1083,1.3143,0.9255,54.427,72.0,50.0,4.4283,0.1213,1.3661,0.9569,48.0,64.0,42.0,2.9077,0.1343,0.8741,0.6901,42.0,58.0,36.0,2.1402,0.1473,0.623,0.5555
140,5.8333,cap rotation + tactile feedback,120.133,4.4,0.34,1.0,0,40.688,59.344,44.0,3.4787,0.0977,1.0721,0.7903,56.925,76.0,52.0,4.3136,0.111,1.3337,0.9368,54.672,72.0,50.0,4.3957,0.1244,1.3544,0.9512,48.0,64.0,42.0,2.8457,0.1377,0.8528,0.6792,42.0,58.0,36.0,2.1421,0.151,0.6221,0.5558
141,5.875,cap rotation + tactile feedback,123.798,4.4,0.34,1.0,0,41.562,59.781,44.0,3.5469,0.1001,1.093,0.8023,56.575,76.0,52.0,4.3728,0.1138,1.3515,0.9472,54.891,72.0,50.0,4.3565,0.1274,1.3406,0.9443,48.0,64.0,42.0,2.7854,0.1411,0.8321,0.6687,42.0,58.0,36.0,2.1496,0.1547,0.6229,0.5571
142,5.9167,cap rotation + tactile feedback,127.451,4.4,0.34,1.0,0,42.273,60.137,44.0,3.6197,0.1025,1.1153,0.815,56.291,76.0,52.0,4.4268,0.1165,1.3676,0.9566,55.068,72.0,50.0,4.3112,0.1305,1.3248,0.9363,48.0,64.0,42.0,2.7273,0.1444,0.8121,0.6585,42.0,58.0,36.0,2.1624,0.1584,0.6254,0.5594
143,5.9583,cap rotation + tactile feedback,131.089,4.4,0.34,1.0,0,42.771,60.385,44.0,3.6963,0.1049,1.1388,0.8285,56.092,76.0,52.0,4.4748,0.1192,1.3819,0.9651,55.193,72.0,50.0,4.26,0.1335,1.3072,0.9274,48.0,64.0,42.0,2.6721,0.1477,0.793,0.6488,42.0,58.0,36.0,2.1806,0.162,0.6297,0.5626
144,6.0,cap rotation + tactile feedback,134.707,4.4,0.34,1.0,0,43.015,60.507,44.0,3.7761,0.1072,1.1633,0.8425,55.994,76.0,52.0,4.5166,0.1218,1.3942,0.9724,55.254,72.0,50.0,4.2035,0.1364,1.2878,0.9175,48.0,64.0,42.0,2.6201,0.151,0.775,0.6397,42.0,58.0,36.0,2.2039,0.1656,0.6357,0.5667
145,6.0417,cap rotation + tactile feedback,138.301,4.4,0.34,1.0,0,42.98,60.49,44.0,3.8583,0.1095,1.1887,0.8569,56.008,76.0,52.0,4.5517,0.1244,1.4043,0.9785,55.245,72.0,50.0,4.1422,0.1393,1.267,0.9067,48.0,64.0,42.0,2.5719,0.1542,0.7582,0.6312,42.0,58.0,36.0,2.2322,0.1692,0.6432,0.5716
146,6.0833,cap rotation + tactile feedback,141.868,4.4,0.34,1.0,0,42.657,60.329,44.0,3.9422,0.1117,1.2146,0.8716,56.137,76.0,52.0,4.5798,0.1269,1.4122,0.9835,55.164,72.0,50.0,4.0767,0.1422,1.2448,0.8952,48.0,64.0,42.0,2.5279,0.1574,0.7428,0.6235,42.0,58.0,36.0,2.2651,0.1726,0.6523,0.5774
147,6.125,cap rotation + tactile feedback,145.405,4.4,0.34,1.0,0,42.053,60.027,44.0,4.027,0.1139,1.2408,0.8865,56.379,76.0,52.0,4.6006,0.1295,1.4178,0.9871,55.013,72.0,50.0,4.0076,0.145,1.2215,0.8831,48.0,64.0,42.0,2.4885,0.1605,0.7289,0.6166,42.0,58.0,36.0,2.3025,0.1761,0.6628,0.5839
148,6.1667,cap rotation + tactile feedback,148.906,4.4,0.34,1.0,0,41.193,59.596,44.0,4.112,0.1161,1.2671,0.9014,56.723,76.0,52.0,4.614,0.1319,1.4211,0.9895,54.798,72.0,50.0,3.9354,0.1478,1.1973,0.8704,48.0,64.0,42.0,2.4541,0.1636,0.7166,0.6105,42.0,58.0,36.0,2.3438,0.1794,0.6747,0.5912
149,6.2083,cap rotation + tactile feedback,152.369,4.4,0.34,1.0,0,40.117,59.058,44.0,4.1963,0.1182,1.2932,0.9162,57.153,76.0,52.0,4.6197,0.1343,1.4219,0.9905,54.529,72.0,50.0,3.8609,0.1505,1.1723,0.8573,48.0,64.0,42.0,2.425,0.1666,0.706,0.6054,42.0,58.0,36.0,2.3888,0.1827,0.6877,0.5991
150,6.25,cap rotation + tactile feedback,155.789,4.4,0.34,1.0,0,38.881,58.44,44.0,4.2791,0.1203,1.3188,0.9307,57.648,76.0,52.0,4.6179,0.1367,1.4203,0.9902,54.22,72.0,50.0,3.7847,0.1531,1.1468,0.844,48.0,64.0,42.0,2.4015,0.1695,0.6973,0.6013,42.0,58.0,36.0,2.4371,0.1859,0.7018,0.6076
151,6.2917,cap rotation + tactile feedback,159.162,4.4,0.34,1.0,0,37.551,57.775,44.0,4.3598,0.1223,1.3438,0.9449,58.18,76.0,52.0,4.6085,0.139,1.4163,0.9885,53.888,72.0,50.0,3.7076,0.1557,1.121,0.8305,48.0,64.0,42.0,2.3837,0.1724,0.6904,0.5982,42.0,58.0,36.0,2.4881,0.189,0.7168,0.6165
152,6.3333,cap rotation + tactile feedback,162.486,4.4,0.34,1.0,0,36.203,57.101,44.0,4.4375,0.1243,1.3678,0.9585,58.719,76.0,52.0,4.5915,0.1413,1.4099,0.9855,53.551,72.0,50.0,3.6302,0.1582,1.0952,0.8169,48.0,64.0,42.0,2.3718,0.1752,0.6854,0.5961,42.0,58.0,36.0,2.5415,0.1921,0.7326,0.6259
153,6.375,cap rotation + tactile feedback,165.755,4.4,0.34,1.0,0,34.914,56.457,44.0,4.5116,0.1262,1.3907,0.9715,59.234,76.0,52.0,4.5671,0.1434,1.4012,0.9812,53.228,72.0,50.0,3.5533,0.1607,1.0696,0.8034,48.0,64.0,42.0,2.3661,0.1779,0.6824,0.5951,42.0,58.0,36.0,2.5967,0.1951,0.749,0.6356
154,6.4167,cap rotation + tactile feedback,168.967,4.4,0.34,1.0,0,33.762,55.881,44.0,4.5814,0.1281,1.4123,0.9838,59.695,76.0,52.0,4.5356,0.1456,1.3903,0.9757,52.94,72.0,50.0,3.4775,0.163,1.0443,0.7901,48.0,64.0,42.0,2.3664,0.1805,0.6814,0.5952,42.0,58.0,36.0,2.6533,0.198,0.7659,0.6455
155,6.4583,cap rotation + tactile feedback,172.117,4.4,0.34,1.0,0,32.818,55.409,44.0,4.6462,0.1299,1.4322,0.9951,60.073,76.0,52.0,4.4973,0.1476,1.3771,0.969,52.704,72.0,50.0,3.4036,0.1653,1.0197,0.7771,48.0,64.0,42.0,2.3728,0.183,0.6824,0.5963,42.0,58.0,36.0,2.7107,0.2008,0.7831,0.6556
156,6.5,cap rotation + tactile feedback,175.201,4.4,0.34,1.0,0,32.142,55.071,44.0,4.7055,0.1316,1.4505,1.0,60.343,76.0,52.0,4.4524,0.1496,1.3619,0.9611,52.535,72.0,50.0,3.3323,0.1675,0.996,0.7646,48.0,64.0,42.0,2.3852,0.1855,0.6854,0.5985,42.0,58.0,36.0,2.7683,0.2034,0.8004,0.6657
157,6.5417,cap rotation + tactile feedback,178.216,4.4,0.34,1.0,0,31.781,54.89,44.0,4.7587,0.1333,1.4668,1.0,60.488,76.0,52.0,4.4015,0.1515,1.3448,0.9522,52.445,72.0,50.0,3.2641,0.1697,0.9732,0.7526,48.0,64.0,42.0,2.4036,0.1879,0.6902,0.6017,42.0,58.0,36.0,2.8258,0.206,0.8177,0.6757
158,6.5833,cap rotation + tactile feedback,181.158,4.4,0.34,1.0,0,31.764,54.882,44.0,4.8053,0.1349,1.481,1.0,60.494,76.0,52.0,4.3449,0.1533,1.326,0.9423,52.441,72.0,50.0,3.1997,0.1717,0.9518,0.7414,48.0,64.0,42.0,2.4277,0.1901,0.697,0.6059,42.0,58.0,36.0,2.8824,0.2085,0.8348,0.6857
159,6.625,cap rotation + tactile feedback,184.022,4.4,0.34,1.0,0,32.1,55.05,44.0,4.8448,0.1365,1.493,1.0,60.36,76.0,52.0,4.2832,0.1551,1.3055,0.9314,52.525,72.0,50.0,3.1398,0.1737,0.9318,0.7308,48.0,64.0,42.0,2.4574,0.1923,0.7056,0.6111,42.0,58.0,36.0,2.9378,0.2109,0.8515,0.6954
160,6.6667,cap rotation + tactile feedback,186.806,4.4,0.34,1.0,0,32.778,55.389,44.0,4.877,0.138,1.5027,1.0,60.089,76.0,52.0,4.217,0.1568,1.2836,0.9198,52.694,72.0,50.0,3.0848,0.1756,0.9134,0.7212,48.0,64.0,42.0,2.4923,0.1944,0.7159,0.6172,42.0,58.0,36.0,2.9913,0.2132,0.8677,0.7048
161,6.7083,cap rotation + tactile feedback,189.505,4.4,0.34,1.0,0,33.765,55.883,44.0,4.9016,0.1393,1.51,1.0,59.694,76.0,52.0,4.1468,0.1583,1.2605,0.9075,52.941,72.0,50.0,3.0353,0.1774,0.8968,0.7125,48.0,64.0,42.0,2.5321,0.1964,0.7278,0.6242,42.0,58.0,36.0,3.0426,0.2154,0.8832,0.7138
162,6.75,cap rotation + tactile feedback,192.116,4.4,0.34,1.0,0,35.012,56.506,44.0,4.9182,0.1407,1.5147,1.0,59.195,76.0,52.0,4.0734,0.1598,1.2363,0.8946,53.253,72.0,50.0,2.9917,0.179,0.8822,0.7049,48.0,64.0,42.0,2.5766,0.1982,0.7413,0.632,42.0,58.0,36.0,3.0911,0.2174,0.8979,0.7223
163,6.7917,cap rotation + tactile feedback,194.634,4.4,0.34,1.0,0,36.45,57.225,44.0,4.9267,0.1419,1.517,1.0,58.62,76.0,52.0,3.9973,0.1613,1.2114,0.8813,53.612,72.0,50.0,2.9544,0.1806,0.8696,0.6983,48.0,64.0,42.0,2.6252,0.2,0.7561,0.6406,42.0,58.0,36.0,3.1365,0.2193,0.9116,0.7303
164,6.8333,cap rotation + tactile feedback,197.055,4.4,0.34,1.0,0,38.0,58.0,44.0,4.9272,0.1431,1.5166,1.0,58.0,76.0,52.0,3.9193,0.1626,1.1859,0.8676,54.0,72.0,50.0,2.9238,0.1821,0.8591,0.6929,48.0,64.0,42.0,2.6775,0.2016,0.7721,0.6497,42.0,58.0,36.0,3.1782,0.2211,0.9242,0.7376
165,6.875,cap rotation + tactile feedback,199.377,4.4,0.34,1.0,0,39.574,58.787,44.0,4.9195,0.1441,1.5137,1.0,57.37,76.0,52.0,3.8402,0.1638,1.1601,0.8537,54.394,72.0,50.0,2.9001,0.1834,0.851,0.6888,48.0,64.0,42.0,2.7331,0.2031,0.7893,0.6595,42.0,58.0,36.0,3.2159,0.2227,0.9355,0.7442
166,6.9167,cap rotation + tactile feedback,201.595,4.4,0.34,1.0,0,41.083,59.541,44.0,4.9038,0.1451,1.5083,1.0,56.767,76.0,52.0,3.7605,0.1649,1.1341,0.8397,54.771,72.0,50.0,2.8836,0.1847,0.8452,0.6859,48.0,64.0,42.0,2.7914,0.2045,0.8074,0.6697,42.0,58.0,36.0,3.2492,0.2243,0.9456,0.75
167,6.9583,cap rotation + tactile feedback,203.705,4.4,0.34,1.0,0,42.437,60.218,44.0,4.8801,0.146,1.5003,1.0,56.225,76.0,52.0,3.6811,0.1659,1.1083,0.8258,55.109,72.0,50.0,2.8744,0.1858,0.8418,0.6843,48.0,64.0,42.0,2.8519,0.2057,0.8262,0.6803,42.0,58.0,36.0,3.2779,0.2256,0.9542,0.7551
168,7.0,cap rotation + tactile feedback,205.703,4.4,0.34,1.0,0,43.557,60.779,44.0,4.8487,0.1468,1.4899,1.0,55.777,76.0,52.0,3.6027,0.1668,1.0828,0.8121,55.389,72.0,50.0,2.8726,0.1868,0.8407,0.684,48.0,64.0,42.0,2.914,0.2069,0.8456,0.6912,42.0,58.0,36.0,3.3017,0.2269,0.9612,0.7592
169,7.0417,cap rotation + tactile feedback,207.586,4.4,0.34,1.0,0,44.377,61.188,44.0,4.8099,0.1475,1.4772,1.0,55.449,76.0,52.0,3.526,0.1676,1.0579,0.7986,55.594,72.0,50.0,2.8782,0.1877,0.8422,0.6849,48.0,64.0,42.0,2.9772,0.2079,0.8654,0.7023,42.0,58.0,36.0,3.3203,0.228,0.9668,0.7625
170,7.0833,cap rotation + tactile feedback,209.35,4.4,0.34,1.0,0,44.846,61.423,44.0,4.7641,0.1481,1.4623,1.0,55.262,76.0,52.0,3.4517,0.1683,1.0338,0.7856,55.711,72.0,50.0,2.8911,0.1885,0.846,0.6872,48.0,64.0,42.0,3.0409,0.2087,0.8854,0.7135,42.0,58.0,36.0,3.3337,0.2289,0.9706,0.7649
171,7.125,cap rotation + tactile feedback,210.99,4.4,0.34,1.0,0,44.933,61.467,44.0,4.7116,0.1486,1.4453,1.0,55.227,76.0,52.0,3.3805,0.1689,1.0108,0.7731,55.733,72.0,50.0,2.9113,0.1892,0.8522,0.6908,48.0,64.0,42.0,3.1045,0.2094,0.9055,0.7247,42.0,58.0,36.0,3.3416,0.2297,0.9728,0.7662
172,7.1667,cap rotation + tactile feedback,212.504,4.4001,0.34,1.0,0,44.632,61.316,44.0,4.6531,0.149,1.4264,0.9963,55.348,76.0,52.0,3.313,0.1694,0.989,0.7612,55.658,72.0,50.0,2.9386,0.1897,0.8607,0.6955,48.0,64.0,42.0,3.1675,0.21,0.9254,0.7357,42.0,58.0,36.0,3.344,0.2303,0.9734,0.7667
173,7.2083,cap rotation + tactile feedback,213.887,4.4001,0.34,1.0,0,43.959,60.979,44.0,4.5889,0.1493,1.4057,0.9851,55.618,76.0,52.0,3.25,0.1697,0.9687,0.7502,55.49,72.0,50.0,2.9727,0.1901,0.8714,0.7015,48.0,64.0,42.0,3.2292,0.2104,0.945,0.7465,42.0,58.0,36.0,3.341,0.2308,0.9722,0.7661
174,7.25,cap rotation + tactile feedback,215.135,4.4003,0.34,1.0,0,42.949,60.474,44.0,4.5197,0.1495,1.3835,0.9729,56.023,76.0,52.0,3.1919,0.1699,0.9501,0.74,55.239,72.0,50.0,3.0133,0.1903,0.8843,0.7087,48.0,64.0,42.0,3.2892,0.2107,0.964,0.757,42.0,58.0,36.0,3.3325,0.2311,0.9693,0.7646
175,7.2917,cap rotation + tactile feedback,216.245,4.4005,0.34,1.0,0,41.661,59.829,44.0,4.4464,0.1496,1.36,0.9601,56.541,76.0,52.0,3.1394,0.17,0.9332,0.7308,54.918,72.0,50.0,3.0602,0.1904,0.8993,0.7169,48.001,64.0,42.0,3.3469,0.2108,0.9825,0.7672,42.001,58.0,36.0,3.3186,0.2312,0.9649,0.7622
176,7.3333,cap rotation + tactile feedback,217.218,4.4011,0.34,1.0,0,40.17,59.082,44.0,4.3695,0.1496,1.3354,0.9466,57.142,76.0,52.0,3.0931,0.17,0.9184,0.7226,54.548,72.0,50.0,3.113,0.1904,0.9162,0.7261,48.001,64.0,42.0,3.4019,0.2108,1.0001,0.7768,42.001,58.0,36.0,3.2997,0.2312,0.9588,0.7589
177,7.375,cap rotation + tactile feedback,218.069,4.4021,0.34,1.0,0,38.563,58.275,44.0,4.29,0.1496,1.31,0.9326,57.794,76.0,52.0,3.0534,0.17,0.9057,0.7157,54.151,72.0,50.0,3.1713,0.1904,0.9348,0.7364,48.003,64.0,42.0,3.4538,0.2108,1.0167,0.7859,42.002,58.0,36.0,3.276,0.2312,0.9512,0.7547
178,7.4167,slip recovery below 0.40 mm,218.813,4.4038,0.34,1.0,0,36.93,57.452,44.0,4.209,0.1496,1.2841,0.9184,58.463,76.0,52.0,3.021,0.17,0.8953,0.71,53.751,72.0,50.0,3.2348,0.1904,0.9552,0.7475,48.005,64.0,42.0,3.5026,0.2108,1.0323,0.7945,42.004,58.0,36.0,3.248,0.2312,0.9423,0.7498
179,7.4583,slip recovery below 0.40 mm,219.464,4.4069,0.34,1.0,0,35.365,56.661,44.0,4.1276,0.1496,1.258,0.9041,59.116,76.0,52.0,2.9965,0.17,0.8875,0.7057,53.375,72.0,50.0,3.3035,0.1904,0.9772,0.7596,48.009,64.0,42.0,3.5481,0.2108,1.0468,0.8025,42.007,58.0,36.0,3.2163,0.2312,0.9321,0.7443
180,7.5,slip recovery below 0.40 mm,220.033,4.4119,0.34,1.0,0,33.963,55.943,44.0,4.0473,0.1496,1.2323,0.89,59.723,76.0,52.0,2.9807,0.17,0.8824,0.7029,53.048,72.0,50.0,3.3774,0.1904,1.0008,0.7725,48.015,64.0,42.0,3.5906,0.2108,1.0604,0.8099,42.012,58.0,36.0,3.1816,0.2312,0.921,0.7382
181,7.5417,slip recovery below 0.40 mm,220.531,4.4202,0.34,1.0,0,32.807,55.339,44.0,3.9696,0.1496,1.2074,0.8764,60.259,76.0,52.0,2.9745,0.17,0.8804,0.7018,52.8,72.0,50.0,3.4568,0.1904,1.0262,0.7865,48.026,64.0,42.0,3.6307,0.2108,1.0733,0.817,42.02,58.0,36.0,3.1452,0.2312,0.9094,0.7318
182,7.5833,slip recovery below 0.40 mm,220.967,4.4332,0.34,1.0,0,31.977,54.881,44.0,3.8966,0.1496,1.1841,0.8636,60.709,76.0,52.0,2.9791,0.17,0.8819,0.7026,52.655,72.0,50.0,3.5424,0.1904,1.0536,0.8015,48.043,64.0,42.0,3.6695,0.2108,1.0857,0.8238,42.032,58.0,36.0,3.1083,0.2312,0.8976,0.7253
183,7.625,slip recovery below 0.40 mm,221.347,4.4528,0.34,1.0,0,31.534,54.597,44.0,3.8304,0.1496,1.1629,0.852,61.063,76.0,52.0,2.9958,0.17,0.8873,0.7056,52.639,72.0,50.0,3.6355,0.1904,1.0834,0.8178,48.068,64.0,42.0,3.7083,0.2108,1.0981,0.8306,42.051,58.0,36.0,3.0726,0.2312,0.8861,0.7191
184,7.6667,slip recovery below 0.40 mm,221.68,4.4816,0.34,1.0,0,31.527,54.5,44.0,3.7737,0.1496,1.1447,0.842,61.327,76.0,52.0,3.0266,0.17,0.8971,0.711,52.777,72.0,50.0,3.7377,0.1904,1.1161,0.8357,48.105,64.0,42.0,3.7492,0.2108,1.1112,0.8377,42.079,58.0,36.0,3.0399,0.2312,0.8757,0.7133
185,7.7083,slip recovery below 0.40 mm,221.971,4.5225,0.34,1.0,0,31.984,54.597,44.0,3.7289,0.1496,1.1304,0.8342,61.513,76.0,52.0,3.0732,0.17,0.912,0.7192,53.089,72.0,50.0,3.8513,0.1904,1.1524,0.8557,48.158,64.0,42.0,3.7941,0.2108,1.1256,0.8456,42.119,58.0,36.0,3.0123,0.2312,0.8668,0.7085
186,7.75,slip recovery below 0.40 mm,222.226,4.5783,0.34,1.0,0,32.913,54.881,44.0,3.6987,0.1496,1.1208,0.8289,61.645,76.0,52.0,3.1381,0.17,0.9328,0.7306,53.591,72.0,50.0,3.9786,0.1904,1.1932,0.878,48.23,64.0,42.0,3.8456,0.2108,1.1421,0.8547,42.173,58.0,36.0,2.9917,0.2312,0.8602,0.7049
187,7.7917,slip recovery below 0.40 mm,222.448,4.6518,0.3412,1.0,0,34.302,55.339,44.0,3.6854,0.1501,1.1163,0.8266,61.754,76.0,52.0,3.2235,0.1706,0.9599,0.7455,54.294,72.0,50.0,4.1223,0.1911,1.2389,0.9032,48.325,64.0,42.0,3.9056,0.2115,1.161,0.8652,42.244,58.0,36.0,2.9797,0.232,0.8561,0.7028
188,7.8333,slip recovery below 0.40 mm,222.643,4.7452,0.4677,1.0,0,36.113,55.943,44.0,3.6908,0.2058,1.0946,0.8275,61.873,76.0,52.0,3.3311,0.2339,0.9677,0.7644,55.199,72.0,50.0,4.2842,0.2619,1.2609,0.9316,48.445,64.0,42.0,3.9757,0.29,1.1504,0.8775,42.334,58.0,36.0,2.9775,0.318,0.8192,0.7024
189,7.875,slip recovery below 0.40 mm,222.813,4.8592,0.6222,1.0,0,38.284,56.661,44.0,3.7154,0.2738,1.074,0.8318,62.034,76.0,52.0,3.4622,0.3111,0.9772,0.7874,56.293,72.0,50.0,4.4652,0.3484,1.2825,0.9634,48.593,64.0,42.0,4.056,0.3857,1.1359,0.8916,42.444,58.0,36.0,2.9854,0.4231,0.7776,0.7038
190,7.9167,slip recovery below 0.40 mm,222.962,4.9928,0.8031,1.0,0,40.729,57.452,44.0,3.7588,0.3534,1.0544,0.8394,62.262,76.0,52.0,3.6166,0.4016,0.9887,0.8145,57.551,72.0,50.0,4.6644,0.4498,1.3037,0.9983,48.765,64.0,42.0,4.1452,0.4979,1.1173,0.9072,42.574,58.0,36.0,3.0024,0.5461,0.7314,0.7067
191,7.9583,slip recovery below 0.40 mm,223.093,5.1426,1.0061,1.0,0,43.34,58.275,44.0,3.8188,0.4427,1.0361,0.85,62.571,76.0,52.0,3.7926,0.503,1.0024,0.8454,58.928,72.0,50.0,4.8785,0.5634,1.3245,1.0,48.958,64.0,42.0,4.24,0.6238,1.0948,0.9239,42.719,58.0,36.0,3.0266,0.6841,0.6812,0.711
192,8.0,slip recovery below 0.40 mm,223.206,5.3027,1.223,1.0,0,45.987,59.082,44.0,3.8919,0.5381,1.0194,0.8628,62.958,76.0,52.0,3.9862,0.6115,1.0188,0.8793,60.364,72.0,50.0,5.1014,0.6849,1.3448,1.0,49.165,64.0,42.0,4.3348,0.7582,1.0687,0.9405,42.874,58.0,36.0,3.0545,0.8316,0.6282,0.7159
193,8.0417,slip recovery below 0.40 mm,223.306,5.4648,1.4426,1.0,0,48.527,59.829,44.0,3.973,0.6348,1.0048,0.877,63.407,76.0,52.0,4.1915,0.7213,1.0383,0.9154,61.784,72.0,50.0,5.3242,0.8079,1.3644,1.0,49.374,64.0,42.0,4.4226,0.8944,1.0396,0.9559,43.03,58.0,36.0,3.0819,0.981,0.5742,0.7207
194,8.0833,slip recovery below 0.40 mm,223.393,5.6189,1.6514,1.0,0,50.814,60.475,44.0,4.0559,0.7266,0.9927,0.8916,63.884,76.0,52.0,4.4003,0.8257,1.0613,0.952,63.101,72.0,50.0,5.536,0.9248,1.3831,1.0,49.573,64.0,42.0,4.4951,1.0239,1.0084,0.9686,43.18,58.0,36.0,3.1041,1.123,0.5217,0.7246
195,8.125,slip recovery below 0.40 mm,223.469,5.754,1.8345,1.0,0,52.704,60.984,44.0,4.134,0.8072,0.9839,0.9053,64.348,76.0,52.0,4.603,0.9173,1.0877,0.9875,64.228,72.0,50.0,5.7244,1.0273,1.4003,1.0,49.747,64.0,42.0,4.5439,1.1374,0.9763,0.9772,43.31,58.0,36.0,3.1161,1.2475,0.4732,0.7267
196,8.1667,slip recovery below 0.40 mm,223.536,5.8596,1.9776,1.0,0,54.074,61.329,44.0,4.2008,0.8701,0.9788,0.917,64.754,76.0,52.0,4.7894,0.9888,1.1173,1.0,65.081,72.0,50.0,5.8772,1.1074,1.4156,1.0,49.883,64.0,42.0,4.5614,1.2261,0.9447,0.9802,43.413,58.0,36.0,3.114,1.3447,0.4317,0.7263
197,8.2083,slip recovery below 0.40 mm,223.594,5.9269,2.0687,1.0,0,54.829,61.489,44.0,4.2508,0.9102,0.978,0.9258,65.06,76.0,52.0,4.9498,1.0343,1.1495,1.0,65.596,72.0,50.0,5.95,1.1585,1.4174,1.0,49.97,64.0,42.0,4.5423,1.2826,0.9148,0.9769,43.478,58.0,36.0,3.0947,1.4067,0.3995,0.7229
198,8.25,slip recovery below 0.40 mm,223.645,5.95,2.1,1.0,0,54.914,61.457,44.0,4.2802,0.924,0.9816,0.9309,65.234,76.0,52.0,5.0764,1.05,1.1835,1.0,65.728,72.0,50.0,5.95,1.176,1.4101,1.0,50.0,64.0,42.0,4.484,1.302,0.888,0.9667,43.5,58.0,36.0,3.057,1.428,0.3785,0.7163
199,8.2917,slip recovery below 0.40 mm,223.69,5.9269,2.0625,1.0,0,54.318,61.234,44.0,4.2871,0.9075,0.9907,0.9321,65.264,76.0,52.0,5.164,1.0312,1.2194,1.0,65.468,72.0,50.0,5.95,1.155,1.4189,1.0,49.97,64.0,42.0,4.3873,1.2787,0.8669,0.9497,43.478,58.0,36.0,3.0015,1.4025,0.3714,0.7066
200,8.3333,slip recovery below 0.40 mm,223.729,5.8596,1.9544,1.0,0,53.08,60.832,44.0,4.2722,0.86,1.0059,0.9295,65.152,76.0,52.0,5.211,0.9772,1.2571,1.0,64.833,72.0,50.0,5.95,1.0945,1.4443,1.0,49.883,64.0,42.0,4.2564,1.2118,0.8531,0.9267,43.413,58.0,36.0,2.9307,1.329,0.3796,0.6942
201,8.375,slip recovery below 0.40 mm,223.763,5.754,1.7875,1.0,0,51.282,60.273,44.0,4.2384,0.7865,1.026,0.9236,64.917,76.0,52.0,5.2192,0.8937,1.2948,1.0,63.872,72.0,50.0,5.868,1.001,1.4574,1.0,49.747,64.0,42.0,4.0981,1.1082,0.8459,0.899,43.31,58.0,36.0,2.8482,1.2155,0.4009,0.6797
202,8.4167,slip recovery below 0.40 mm,223.792,5.6189,1.5781,1.0,0,49.042,59.589,44.0,4.1904,0.6944,1.0493,0.9152,64.593,76.0,52.0,5.194,0.7891,1.3307,1.0,62.658,72.0,50.0,5.721,0.8837,1.4596,1.0,49.573,64.0,42.0,3.9209,0.9784,0.8438,0.8679,43.18,58.0,36.0,2.759,1.0731,0.4322,0.664
203,8.4583,slip recovery below 0.40 mm,223.818,5.4648,1.3452,1.0,0,46.504,58.817,44.0,4.1343,0.5919,1.0744,0.9053,64.216,76.0,52.0,5.1431,0.6726,1.3633,1.0,61.278,72.0,50.0,5.5461,0.7533,1.4583,1.0,49.374,64.0,42.0,3.7343,0.834,0.8447,0.8351,43.03,58.0,36.0,2.6682,0.9148,0.4696,0.6481
204,8.5,slip recovery below 0.40 mm,223.841,5.3027,1.1073,1.0,0,43.824,58.0,44.0,4.0765,0.4872,1.0999,0.8952,63.824,76.0,52.0,5.0754,0.5537,1.3916,1.0,59.824,72.0,50.0,5.3553,0.6201,1.4533,1.0,49.165,64.0,42.0,3.5469,0.6865,0.8467,0.8023,42.874,58.0,36.0,2.5809,0.753,0.5096,0.6328
205,8.5417,slip recovery below 0.40 mm,223.861,5.1426,0.8802,1.0,0,41.157,57.183,44.0,4.0235,0.3873,1.1248,0.8859,63.444,76.0,52.0,4.9999,0.4401,1.4151,1.0,58.382,72.0,50.0,5.16,0.4929,1.4442,1.0,48.958,64.0,42.0,3.3665,0.5457,0.8481,0.7706,42.719,58.0,36.0,2.5016,0.5986,0.5491,0.6189
206,8.5833,slip recovery below 0.40 mm,223.879,4.9928,0.6758,1.0,0,38.647,56.411,44.0,3.9805,0.2973,1.1489,0.8783,63.096,76.0,52.0,4.9248,0.3379,1.434,1.0,57.03,72.0,50.0,4.9694,0.3784,1.4313,1.0,48.765,64.0,42.0,3.1989,0.419,0.8477,0.7412,42.574,58.0,36.0,2.4336,0.4595,0.5858,0.607
207,8.625,slip recovery below 0.40 mm,223.894,4.8592,0.501,1.0,0,36.417,55.727,44.0,3.9516,0.2204,1.1719,0.8733,62.781,76.0,52.0,4.856,0.2505,1.4487,1.0,55.826,72.0,50.0,4.7902,0.2806,1.415,1.0,48.593,64.0,42.0,3.0478,0.3106,0.8448,0.7147,42.444,58.0,36.0,2.3794,0.3407,0.6183,0.5974
208,8.6667,slip recovery below 0.40 mm,223.907,4.7452,0.3587,1.0,0,34.564,55.168,44.0,3.9393,0.1578,1.1943,0.8711,62.492,76.0,52.0,4.7975,0.1794,1.4599,1.0,54.811,72.0,50.0,4.6261,0.2009,1.396,0.9916,48.445,64.0,42.0,2.9149,0.2224,0.8393,0.6914,42.334,58.0,36.0,2.3399,0.2439,0.6463,0.5905
209,8.7083,slip recovery below 0.40 mm,223.919,4.6518,0.34,1.0,0,33.158,54.766,44.0,3.9443,0.1496,1.1994,0.872,62.212,76.0,52.0,4.7511,0.17,1.4489,1.0,54.008,72.0,50.0,4.4784,0.1904,1.3531,0.9657,48.325,64.0,42.0,2.8006,0.2108,0.8076,0.6713,42.244,58.0,36.0,2.3155,0.2312,0.6439,0.5862
210,8.75,slip recovery below 0.40 mm,223.929,4.5783,0.34,1.0,0,32.236,54.543,44.0,3.9662,0.1496,1.2063,0.8758,61.916,76.0,52.0,4.7164,0.17,1.4379,1.0,53.422,72.0,50.0,4.3466,0.1904,1.3109,0.9426,48.23,64.0,42.0,2.7039,0.2108,0.7767,0.6544,42.173,58.0,36.0,2.3054,0.2312,0.6406,0.5845
211,8.7917,slip recovery below 0.40 mm,223.938,4.5225,0.34,1.0,0,31.812,54.511,44.0,4.0032,0.1496,1.2182,0.8823,61.582,76.0,52.0,4.6919,0.17,1.43,1.0,53.046,72.0,50.0,4.2287,0.1904,1.2732,0.9219,48.158,64.0,42.0,2.6232,0.2108,0.7509,0.6402,42.119,58.0,36.0,2.3085,0.2312,0.6416,0.585
212,8.8333,slip recovery below 0.40 mm,223.946,4.4816,0.34,1.013,0,31.869,54.671,44.0,4.053,0.1496,1.2341,0.8911,61.19,76.0,52.0,4.6749,0.17,1.4246,1.0,52.862,72.0,50.0,4.1221,0.1904,1.2391,0.9032,48.105,64.0,42.0,2.5567,0.2108,0.7296,0.6285,42.079,58.0,36.0,2.3232,0.2312,0.6463,0.5876
213,8.875,slip recovery below 0.40 mm,223.953,4.4528,0.34,1.066,0,32.372,55.016,44.0,4.1129,0.1496,1.2533,0.9016,60.728,76.0,52.0,4.6627,0.17,1.4207,0.998,52.849,72.0,50.0,4.0241,0.1904,1.2078,0.886,48.068,64.0,42.0,2.5026,0.2108,0.7123,0.619,42.051,58.0,36.0,2.3479,0.2312,0.6542,0.5919
214,8.9167,slip recovery below 0.40 mm,223.958,4.4332,0.34,1.157,0,33.264,55.525,44.0,4.1801,0.1496,1.2748,0.9134,60.194,76.0,52.0,4.6522,0.17,1.4173,0.9962,52.976,72.0,50.0,3.9325,0.1904,1.1784,0.8699,48.043,64.0,42.0,2.4591,0.2108,0.6984,0.6114,42.032,58.0,36.0,2.3808,0.2312,0.6648,0.5977
215,8.9583,slip recovery below 0.40 mm,223.964,4.4202,0.34,1.284,0,34.473,56.171,44.0,4.2521,0.1496,1.2978,0.926,59.593,76.0,52.0,4.6411,0.17,1.4137,0.9942,53.216,72.0,50.0,3.8454,0.1904,1.1506,0.8546,48.026,64.0,42.0,2.4251,0.2108,0.6875,0.6055,42.02,58.0,36.0,2.4206,0.2312,0.6775,0.6047
216,9.0,slip recovery below 0.40 mm,223.968,4.4119,0.34,1.443,0,35.914,56.918,44.0,4.3263,0.1496,1.3216,0.939,58.942,76.0,52.0,4.6272,0.17,1.4093,0.9918,53.536,72.0,50.0,3.7613,0.1904,1.1237,0.8399,48.015,64.0,42.0,2.3995,0.2108,0.6793,0.601,42.012,58.0,36.0,2.4657,0.2312,0.6919,0.6126
217,9.0417,slip recovery below 0.40 mm,223.972,4.4069,0.34,1.633,0,37.495,57.725,44.0,4.4009,0.1496,1.3455,0.9521,58.264,76.0,52.0,4.6091,0.17,1.4035,0.9886,53.907,72.0,50.0,3.6795,0.1904,1.0975,0.8255,48.009,64.0,42.0,2.3815,0.2108,0.6735,0.5978,42.007,58.0,36.0,2.5151,0.2312,0.7077,0.6212
218,9.0833,slip recovery below 0.40 mm,223.976,4.4038,0.34,1.85,0,39.12,58.548,44.0,4.4742,0.1496,1.3689,0.965,57.587,76.0,52.0,4.5857,0.17,1.396,0.9845,54.298,72.0,50.0,3.5997,0.1904,1.0719,0.8115,48.005,64.0,42.0,2.3706,0.2108,0.6701,0.5959,42.004,58.0,36.0,2.5676,0.2312,0.7245,0.6305
219,9.125,slip recovery below 0.40 mm,223.979,4.4021,0.34,2.093,0,40.692,59.339,44.0,4.5448,0.1496,1.3915,0.9773,56.942,76.0,52.0,4.5564,0.17,1.3866,0.9794,54.683,72.0,50.0,3.5217,0.1904,1.047,0.7978,48.003,64.0,42.0,2.3665,0.2108,0.6688,0.5952,42.002,58.0,36.0,2.6225,0.2312,0.7421,0.6401
220,9.1667,slip recovery below 0.40 mm,223.981,4.4011,0.34,2.359,0,42.121,60.057,44.0,4.6115,0.1496,1.4128,0.989,56.361,76.0,52.0,4.5208,0.17,1.3753,0.9731,55.036,72.0,50.0,3.4458,0.1904,1.0227,0.7845,48.001,64.0,42.0,2.369,0.2108,0.6695,0.5956,42.001,58.0,36.0,2.6789,0.2312,0.7602,0.65
221,9.2083,slip recovery below 0.40 mm,223.984,4.4005,0.34,2.645,0,43.326,60.661,44.0,4.6734,0.1496,1.4327,0.9999,55.874,76.0,52.0,4.479,0.17,1.3619,0.9658,55.334,72.0,50.0,3.3726,0.1904,0.9992,0.7717,48.001,64.0,42.0,2.3778,0.2108,0.6723,0.5972,42.001,58.0,36.0,2.7362,0.2312,0.7785,0.66
222,9.25,slip recovery below 0.40 mm,223.986,4.4003,0.34,2.948,0,44.239,61.119,44.0,4.7298,0.1496,1.4507,1.0,55.507,76.0,52.0,4.4312,0.17,1.3466,0.9574,55.561,72.0,50.0,3.3023,0.1904,0.9768,0.7593,48.0,64.0,42.0,2.3927,0.2108,0.6771,0.5998,42.0,58.0,36.0,2.7936,0.2312,0.7969,0.6701
223,9.2917,slip recovery below 0.40 mm,223.988,4.4001,0.34,3.267,0,44.807,61.403,44.0,4.78,0.1496,1.4668,1.0,55.278,76.0,52.0,4.3776,0.17,1.3294,0.948,55.702,72.0,50.0,3.2356,0.1904,0.9554,0.7476,48.0,64.0,42.0,2.4135,0.2108,0.6838,0.6034,42.0,58.0,36.0,2.8507,0.2312,0.8151,0.6801
224,9.3333,slip recovery below 0.40 mm,223.989,4.4001,0.34,3.598,0,45.0,61.5,44.0,4.8235,0.1496,1.4807,1.0,55.2,76.0,52.0,4.3186,0.17,1.3106,0.9377,55.75,72.0,50.0,3.1731,0.1904,0.9354,0.7367,48.0,64.0,42.0,2.44,0.2108,0.6923,0.6081,42.0,58.0,36.0,2.9068,0.2312,0.8331,0.69
225,9.375,slip recovery below 0.40 mm,223.991,4.4,0.34,3.94,0,44.807,61.403,44.0,4.8598,0.1496,1.4923,1.0,55.278,76.0,52.0,4.2549,0.17,1.2902,0.9265,55.702,72.0,50.0,3.1152,0.1904,0.9169,0.7265,48.0,64.0,42.0,2.472,0.2108,0.7025,0.6137,42.0,58.0,36.0,2.9614,0.2312,0.8505,0.6995
226,9.4167,9x payload hold,223.992,4.4006,0.34,9.0,1,44.237,61.119,44.003,4.8894,0.1496,1.5018,1.0,55.505,76.003,52.0,4.1874,0.17,1.2686,0.9147,55.559,72.003,50.0,3.0629,0.1904,0.9002,0.7174,48.0,64.003,42.0,2.5094,0.2108,0.7145,0.6203,42.0,58.003,36.0,3.0145,0.2312,0.8675,0.7089
227,9.4583,9x payload hold,223.993,4.4073,0.34,9.0,1,43.323,60.661,44.033,4.918,0.1496,1.5109,1.0,55.871,76.033,52.0,4.122,0.17,1.2476,0.904,55.331,72.033,50.0,3.0205,0.1904,0.8866,0.7107,48.0,64.033,42.0,2.5552,0.2108,0.7291,0.6291,42.0,58.033,36.0,3.0693,0.2312,0.8851,0.7193
228,9.5,9x payload hold,223.994,4.421,0.34,9.0,1,42.115,60.057,44.093,4.9464,0.1496,1.52,1.0,56.354,76.093,52.0,4.0597,0.17,1.2277,0.8946,55.029,72.093,50.0,2.9888,0.1904,0.8764,0.7067,48.0,64.093,42.0,2.6097,0.2108,0.7466,0.6402,42.0,58.093,36.0,3.1262,0.2312,0.9033,0.7308
229,9.5417,9x payload hold,223.994,4.4409,0.34,9.0,1,40.679,59.339,44.182,4.9738,0.1496,1.5288,1.0,56.928,76.182,52.0,4.0004,0.17,1.2087,0.8864,54.67,72.182,50.0,2.9676,0.1904,0.8697,0.7052,48.0,64.182,42.0,2.6722,0.2108,0.7666,0.6534,42.0,58.182,36.0,3.1845,0.2312,0.9219,0.7432
230,9.5833,9x payload hold,223.995,4.4667,0.34,9.0,1,39.095,58.548,44.296,4.9995,0.1496,1.537,1.0,57.562,76.296,52.0,3.9438,0.17,1.1906,0.8793,54.274,72.296,50.0,2.9567,0.1904,0.8662,0.7061,48.0,64.296,42.0,2.7423,0.2108,0.789,0.6685,42.0,58.296,36.0,3.2435,0.2312,0.9408,0.7564
231,9.625,9x payload hold,223.996,4.4976,0.34,9.0,1,37.451,57.725,44.434,5.0226,0.1496,1.5444,1.0,58.22,76.434,52.0,3.8898,0.17,1.1733,0.8733,53.863,72.434,50.0,2.9561,0.1904,0.866,0.7095,48.0,64.434,42.0,2.8194,0.2108,0.8137,0.6855,42.0,58.434,36.0,3.3026,0.2312,0.9597,0.7702
232,9.6667,9x payload hold,223.996,4.533,0.34,9.0,1,35.837,56.918,44.591,5.0424,0.1496,1.5507,1.0,58.865,76.591,52.0,3.8384,0.17,1.1569,0.8682,53.459,72.591,50.0,2.9657,0.1904,0.8691,0.7151,48.0,64.591,42.0,2.9027,0.2108,0.8403,0.704,42.0,58.591,36.0,3.361,0.2312,0.9784,0.7844
233,9.7083,9x payload hold,223.997,4.5725,0.34,9.0,1,34.343,56.171,44.767,5.0581,0.1496,1.5558,1.0,59.463,76.767,52.0,3.7897,0.17,1.1413,0.864,53.086,72.767,50.0,2.9853,0.1904,0.8753,0.7229,48.0,64.767,42.0,2.9917,0.2108,0.8688,0.724,42.0,58.767,36.0,3.4178,0.2312,0.9966,0.7988
234,9.75,9x payload hold,223.997,4.6154,0.34,9.0,1,33.05,55.525,44.957,5.0692,0.1496,1.5593,1.0,59.98,76.957,52.0,3.7437,0.17,1.1266,0.8607,52.763,72.957,50.0,3.0148,0.1904,0.8848,0.7328,48.0,64.957,42.0,3.0854,0.2108,0.8988,0.7452,42.0,58.957,36.0,3.4725,0.2312,1.0141,0.8131
235,9.7917,9x payload hold,223.998,4.661,0.34,9.0,1,32.032,55.016,45.16,5.075,0.1496,1.5612,1.0,60.387,77.16,52.0,3.7005,0.17,1.1127,0.8582,52.508,73.16,50.0,3.0539,0.1904,0.8973,0.7448,48.0,65.16,42.0,3.1832,0.2108,0.9301,0.7675,42.0,59.16,36.0,3.5242,0.2312,1.0306,0.8273
236,9.8333,9x payload hold,223.998,4.709,0.34,9.0,1,31.343,54.671,45.373,5.075,0.1496,1.5612,1.0,60.663,77.373,52.0,3.6603,0.17,1.0999,0.8565,52.336,73.373,50.0,3.1026,0.1904,0.9129,0.7586,48.0,65.373,42.0,3.2842,0.2108,0.9624,0.7905,42.0,59.373,36.0,3.5722,0.2312,1.046,0.841
237,9.875,9x payload hold,223.998,4.7585,0.34,9.0,1,31.022,54.511,45.593,5.0687,0.1496,1.5591,1.0,60.791,77.593,52.0,3.6235,0.17,1.0881,0.8555,52.255,73.593,50.0,3.1605,0.1904,0.9314,0.7743,48.0,65.593,42.0,3.3873,0.2108,0.9954,0.8141,42.0,59.593,36.0,3.6157,0.2312,1.0599,0.8542
238,9.9167,9x payload hold,223.998,4.8091,0.34,9.0,1,31.086,54.543,45.818,5.0557,0.1496,1.555,1.0,60.766,77.818,52.0,3.5903,0.17,1.0775,0.8553,52.272,73.818,50.0,3.2271,0.1904,0.9527,0.7916,48.0,65.818,42.0,3.4916,0.2108,1.0288,0.838,42.0,59.818,36.0,3.6542,0.2312,1.0722,0.8665
239,9.9583,9x payload hold,223.999,4.8602,0.34,9.0,1,31.533,54.766,46.045,5.036,0.1496,1.5487,1.0,60.587,78.045,52.0,3.5611,0.17,1.0681,0.8559,52.383,74.045,50.0,3.3022,0.1904,0.9767,0.8105,48.0,66.045,42.0,3.596,0.2108,1.0622,0.862,42.0,60.045,36.0,3.6869,0.2312,1.0827,0.878
240,10.0,9x payload hold,223.999,4.9112,0.34,9.0,1,32.337,55.168,46.272,5.0092,0.1496,1.5401,1.0,60.265,78.272,52.0,3.5361,0.17,1.0601,0.8572,52.584,74.272,50.0,3.3851,0.1904,1.0033,0.8307,48.0,66.272,42.0,3.6994,0.2108,1.0953,0.8858,42.0,60.272,36.0,3.7133,0.2312,1.0912,0.8883
241,10.0417,9x payload hold,223.999,4.9615,0.34,9.0,1,33.454,55.727,46.495,4.9755,0.1496,1.5293,1.0,59.818,78.495,52.0,3.5157,0.17,1.0536,0.8592,52.863,74.495,50.0,3.4753,0.1904,1.0321,0.8521,48.0,66.495,42.0,3.8007,0.2108,1.1277,0.9092,42.0,60.495,36.0,3.7329,0.2312,1.0974,0.8973
242,10.0833,9x payload hold,223.999,5.0104,0.34,9.0,1,34.822,56.411,46.713,4.9349,0.1496,1.5163,1.0,59.271,78.713,52.0,3.5003,0.17,1.0487,0.8619,53.206,74.713,50.0,3.5719,0.1904,1.063,0.8745,48.0,66.713,42.0,3.8988,0.2108,1.1591,0.9318,42.0,60.713,36.0,3.7452,0.2312,1.1013,0.9049
243,10.125,9x payload hold,223.999,5.0575,0.34,9.0,1,36.366,57.183,46.922,4.8877,0.1496,1.5012,1.0,58.654,78.922,52.0,3.4902,0.17,1.0455,0.8654,53.591,74.922,50.0,3.6741,0.1904,1.0957,0.8976,48.0,66.922,42.0,3.9924,0.2108,1.189,0.9535,42.0,60.922,36.0,3.7498,0.2312,1.1028,0.9109
244,10.1667,9x payload hold,223.999,5.1022,0.34,9.0,1,38.0,58.0,47.121,4.8341,0.1496,1.4841,1.0,58.0,79.121,52.0,3.4856,0.17,1.044,0.8695,54.0,75.121,50.0,3.7808,0.1904,1.1299,0.9213,48.0,67.121,42.0,4.0804,0.2108,1.2172,0.9739,42.0,61.121,36.0,3.7465,0.2312,1.1018,0.9153
245,10.2083,9x payload hold,223.999,5.1437,0.34,9.0,1,39.634,58.817,47.305,4.7746,0.1496,1.465,1.0,57.346,79.305,52.0,3.4867,0.17,1.0443,0.8743,54.409,75.305,50.0,3.8911,0.1904,1.1652,0.9453,48.0,67.305,42.0,4.1616,0.2108,1.2432,0.9927,42.0,61.305,36.0,3.7351,0.2312,1.0981,0.9179
246,10.25,9x payload hold,223.999,5.1817,0.34,9.0,1,41.178,59.589,47.474,4.7097,0.1496,1.4443,1.0,56.729,79.474,52.0,3.4936,0.17,1.0466,0.8798,54.794,75.474,50.0,4.0037,0.1904,1.2012,0.9692,48.0,67.474,42.0,4.2349,0.2108,1.2666,1.0,42.0,61.474,36.0,3.7156,0.2312,1.0919,0.9187
247,10.2917,9x payload hold,224.0,5.2154,0.34,9.0,1,42.546,60.273,47.624,4.6401,0.1496,1.422,1.0,56.182,79.624,52.0,3.5064,0.17,1.0506,0.8858,55.137,75.624,50.0,4.1172,0.1904,1.2375,0.9929,48.0,67.624,42.0,4.2991,0.2108,1.2872,1.0,42.0,61.624,36.0,3.6878,0.2312,1.083,0.9176
248,10.3333,9x payload hold,224.0,5.2443,0.34,9.0,1,43.663,60.832,47.752,4.5664,0.1496,1.3984,1.0,55.735,79.752,52.0,3.5249,0.17,1.0566,0.8922,55.416,75.752,50.0,4.2302,0.1904,1.2737,1.0,48.0,67.752,42.0,4.3533,0.2108,1.3045,1.0,42.0,61.752,36.0,3.652,0.2312,1.0715,0.9145
249,10.375,9x payload hold,224.0,5.2678,0.34,9.0,1,44.467,61.234,47.857,4.4892,0.1496,1.3737,1.0,55.413,79.857,52.0,3.5488,0.17,1.0642,0.899,55.617,75.857,50.0,4.3412,0.1904,1.3092,1.0,48.0,67.857,42.0,4.3965,0.2108,1.3184,1.0,42.0,61.857,36.0,3.6084,0.2312,1.0576,0.9095
250,10.4167,9x payload hold,224.0,5.2853,0.34,9.0,1,44.914,61.457,47.935,4.4095,0.1496,1.3482,1.0,55.234,79.935,52.0,3.5779,0.17,1.0735,0.9061,55.728,75.935,50.0,4.4485,0.1904,1.3436,1.0,48.0,67.935,42.0,4.4278,0.2108,1.3284,1.0,42.0,61.935,36.0,3.5571,0.2312,1.0412,0.9024
251,10.4583,9x payload hold,224.0,5.2962,0.34,9.0,1,44.978,61.489,47.983,4.3278,0.1496,1.3221,1.0,55.209,79.983,52.0,3.6116,0.17,1.0843,0.9132,55.745,75.983,50.0,4.5506,0.1904,1.3762,1.0,48.0,67.983,42.0,4.4465,0.2108,1.3343,1.0,42.0,61.983,36.0,3.4987,0.2312,1.0225,0.8934
252,10.5,9x payload hold,224.0,5.3,0.34,9.0,1,44.657,61.329,48.0,4.2449,0.1496,1.2955,1.0,55.337,80.0,52.0,3.6492,0.17,1.0963,0.9202,55.664,76.0,50.0,4.6457,0.1904,1.4067,1.0,48.0,68.0,42.0,4.4518,0.2108,1.3361,1.0,42.0,62.0,36.0,3.4336,0.2312,1.0016,0.8824
253,10.5417,9x payload hold,224.0,5.3,0.34,9.0,1,43.968,60.984,48.0,4.1647,0.1496,1.2699,1.0,55.613,80.0,52.0,3.6926,0.17,1.1102,0.9278,55.492,76.0,50.0,4.7356,0.1904,1.4354,1.0,48.0,68.0,42.0,4.4467,0.2108,1.3344,1.0,42.0,62.0,36.0,3.3647,0.2312,0.9796,0.8703
254,10.5833,9x payload hold,224.0,5.3,0.34,9.0,1,42.95,60.475,48.0,4.0909,0.1496,1.2463,0.9977,56.02,80.0,52.0,3.7439,0.17,1.1267,0.9368,55.237,76.0,50.0,4.8227,0.1904,1.4633,1.0,48.0,68.0,42.0,4.4342,0.2108,1.3304,1.0,42.0,62.0,36.0,3.2953,0.2312,0.9574,0.8581
255,10.625,9x payload hold,224.0,5.3,0.34,9.0,1,41.657,59.829,48.0,4.0243,0.1496,1.2249,0.986,56.537,80.0,52.0,3.8028,0.17,1.1455,0.9472,54.914,76.0,50.0,4.9062,0.1904,1.49,1.0,48.0,68.0,42.0,4.4145,0.2108,1.3241,1.0,42.0,62.0,36.0,3.226,0.2312,0.9352,0.846
256,10.6667,9x payload hold,224.0,5.3,0.34,9.0,1,40.163,59.082,48.0,3.9653,0.1496,1.2061,0.9757,57.135,80.0,52.0,3.8687,0.17,1.1666,0.9587,54.541,76.0,50.0,4.9854,0.1904,1.5154,1.0,48.0,68.0,42.0,4.3878,0.2108,1.3156,1.0,42.0,62.0,36.0,3.1574,0.2312,0.9133,0.8339
257,10.7083,9x payload hold,224.0,5.3,0.34,9.0,1,38.549,58.275,48.0,3.9147,0.1496,1.1899,0.9668,57.78,80.0,52.0,3.941,0.17,1.1897,0.9714,54.137,76.0,50.0,5.0595,0.1904,1.5391,1.0,48.0,68.0,42.0,4.3544,0.2108,1.3049,1.0,42.0,62.0,36.0,3.0901,0.2312,0.8917,0.8221
258,10.75,9x payload hold,224.0,5.3,0.34,9.0,1,36.905,57.452,48.0,3.8728,0.1496,1.1765,0.9594,58.438,80.0,52.0,4.0189,0.17,1.2147,0.9851,53.726,76.0,50.0,5.1279,0.1904,1.561,1.0,48.0,68.0,42.0,4.3144,0.2108,1.2921,1.0,42.0,62.0,36.0,3.0247,0.2312,0.8708,0.8107
259,10.7917,9x payload hold,224.0,5.3,0.34,9.0,1,35.321,56.661,48.0,3.84,0.1496,1.166,0.9537,59.072,80.0,52.0,4.1019,0.17,1.2412,0.9996,53.33,76.0,50.0,5.1899,0.1904,1.5808,1.0,48.0,68.0,42.0,4.2684,0.2108,1.2774,1.0,42.0,62.0,36.0,2.9619,0.2312,0.8507,0.7996
260,10.8333,9x payload hold,224.0,5.3,0.34,9.0,1,33.886,55.943,48.0,3.8167,0.1496,1.1585,0.9496,59.646,80.0,52.0,4.1891,0.17,1.2691,1.0,52.971,76.0,50.0,5.2449,0.1904,1.5984,1.0,48.0,68.0,42.0,4.2168,0.2108,1.2608,1.0,42.0,62.0,36.0,2.9023,0.2312,0.8316,0.7892
261,10.875,9x payload hold,224.0,5.3,0.34,9.0,1,32.677,55.339,48.0,3.803,0.1496,1.1541,0.9472,60.129,80.0,52.0,4.2797,0.17,1.2981,1.0,52.669,76.0,50.0,5.2925,0.1904,1.6136,1.0,48.0,68.0,42.0,4.1599,0.2108,1.2426,1.0,42.0,62.0,36.0,2.8463,0.2312,0.8137,0.7794
262,10.9167,9x payload hold,224.0,5.3,0.34,9.0,1,31.763,54.881,48.0,3.7991,0.1496,1.1529,0.9465,60.495,80.0,52.0,4.3729,0.17,1.3279,1.0,52.441,76.0,50.0,5.3322,0.1904,1.6263,1.0,48.0,68.0,42.0,4.0984,0.2108,1.2229,0.999,42.0,62.0,36.0,2.7945,0.2312,0.7971,0.7703
263,10.9583,9x payload hold,224.0,5.3,0.34,9.0,1,31.193,54.597,48.0,3.805,0.1496,1.1548,0.9475,60.723,80.0,52.0,4.4679,0.17,1.3583,1.0,52.298,76.0,50.0,5.3636,0.1904,1.6364,1.0,48.0,68.0,42.0,4.0327,0.2108,1.2019,0.9875,42.0,62.0,36.0,2.7474,0.2312,0.7821,0.762
264,11.0,9x payload hold,224.0,5.3,0.34,9.0,1,31.0,54.5,48.0,3.8206,0.1496,1.1598,0.9503,60.8,80.0,52.0,4.5637,0.17,1.389,1.0,52.25,76.0,50.0,5.3865,0.1904,1.6437,1.0,48.0,68.0,42.0,3.9636,0.2108,1.1798,0.9754,42.0,62.0,36.0,2.7054,0.2312,0.7686,0.7546
265,11.0417,9x payload hold,224.0,5.3,0.34,9.0,1,31.193,54.597,48.0,3.8458,0.1496,1.1678,0.9547,60.723,80.0,52.0,4.6596,0.17,1.4197,1.0,52.298,76.0,50.0,5.4007,0.1904,1.6483,1.0,48.0,68.0,42.0,3.8915,0.2108,1.1568,0.9627,42.0,62.0,36.0,2.6688,0.2312,0.7569,0.7482
266,11.0833,9x payload hold,224.0,5.3,0.34,9.0,1,31.763,54.881,48.0,3.8805,0.1496,1.1789,0.9608,60.495,80.0,52.0,4.7546,0.17,1.4501,1.0,52.441,76.0,50.0,5.406,0.1904,1.6499,1.0,48.0,68.0,42.0,3.8173,0.2108,1.133,0.9497,42.0,62.0,36.0,2.6381,0.2312,0.7471,0.7428
267,11.125,9x payload hold,224.0,5.3,0.34,9.0,1,32.677,55.339,48.0,3.9241,0.1496,1.1929,0.9684,60.129,80.0,52.0,4.8478,0.17,1.4799,1.0,52.669,76.0,50.0,5.4023,0.1904,1.6488,1.0,48.0,68.0,42.0,3.7415,0.2108,1.1087,0.9364,42.0,62.0,36.0,2.6135,0.2312,0.7392,0.7385
268,11.1667,9x payload hold,224.0,5.3,0.34,9.0,1,33.886,55.943,48.0,3.9765,0.1496,1.2096,0.9776,59.646,80.0,52.0,4.9384,0.17,1.5089,1.0,52.971,76.0,50.0,5.3898,0.1904,1.6448,1.0,48.0,68.0,42.0,3.6649,0.2108,1.0842,0.923,42.0,62.0,36.0,2.5952,0.2312,0.7334,0.7353
269,11.2083,9x payload hold,224.0,5.3,0.34,9.0,1,35.321,56.661,48.0,4.037,0.1496,1.229,0.9882,59.072,80.0,52.0,5.0255,0.17,1.5368,1.0,53.33,76.0,50.0,5.3684,0.1904,1.6379,1.0,48.0,68.0,42.0,3.5882,0.2108,1.0597,0.9095,42.0,62.0,36.0,2.5834,0.2312,0.7296,0.7332
270,11.25,9x payload hold,224.0,5.3,0.34,9.0,1,36.905,57.452,48.0,4.1051,0.1496,1.2508,1.0,58.438,80.0,52.0,5.1084,0.17,1.5633,1.0,53.726,76.0,50.0,5.3385,0.1904,1.6284,1.0,48.0,68.0,42.0,3.512,0.2108,1.0353,0.8961,42.0,62.0,36.0,2.5782,0.2312,0.7279,0.7323
271,11.2917,9x payload hold,224.0,5.3,0.34,9.0,1,38.549,58.275,48.0,4.1802,0.1496,1.2748,1.0,57.78,80.0,52.0,5.1863,0.17,1.5882,1.0,54.137,76.0,50.0,5.3003,0.1904,1.6161,1.0,48.0,68.0,42.0,3.4371,0.2108,1.0113,0.883,42.0,62.0,36.0,2.5796,0.2312,0.7284,0.7326
272,11.3333,9x payload hold,224.0,5.3,0.34,9.0,1,40.163,59.082,48.0,4.2617,0.1496,1.3009,1.0,57.135,80.0,52.0,5.2585,0.17,1.6113,1.0,54.541,76.0,50.0,5.2541,0.1904,1.6013,1.0,48.0,68.0,42.0,3.3642,0.2108,0.988,0.8702,42.0,62.0,36.0,2.5877,0.2312,0.731,0.734
273,11.375,9x payload hold,224.0,5.3,0.34,9.0,1,41.657,59.829,48.0,4.3487,0.1496,1.3287,1.0,56.537,80.0,52.0,5.3244,0.17,1.6324,1.0,54.914,76.0,50.0,5.2004,0.1904,1.5841,1.0,48.0,68.0,42.0,3.2939,0.2108,0.9655,0.8579,42.0,62.0,36.0,2.6024,0.2312,0.7357,0.7366
274,11.4167,9x payload hold,224.0,5.3,0.34,9.0,1,42.95,60.475,48.0,4.4404,0.1496,1.3581,1.0,56.02,80.0,52.0,5.3832,0.17,1.6512,1.0,55.237,76.0,50.0,5.1396,0.1904,1.5647,1.0,48.0,68.0,42.0,3.2269,0.2108,0.9441,0.8461,42.0,62.0,36.0,2.6235,0.2312,0.7424,0.7403
275,11.4583,9x payload hold,224.0,5.3,0.34,9.0,1,43.968,60.984,48.0,4.5361,0.1496,1.3887,1.0,55.613,80.0,52.0,5.4345,0.17,1.6676,1.0,55.492,76.0,50.0,5.0723,0.1904,1.5432,1.0,48.0,68.0,42.0,3.1637,0.2108,0.9239,0.835,42.0,62.0,36.0,2.6508,0.2312,0.7512,0.7451
276,11.5,9x payload hold,224.0,5.3,0.34,9.0,1,44.657,61.329,48.0,4.6348,0.1496,1.4203,1.0,55.337,80.0,52.0,5.4778,0.17,1.6815,1.0,55.664,76.0,50.0,4.9992,0.1904,1.5198,1.0,48.0,68.0,42.0,3.1051,0.2108,0.9051,0.8248,42.0,62.0,36.0,2.6841,0.2312,0.7618,0.7509
277,11.5417,9x payload hold,224.0,5.3,0.34,9.0,1,44.978,61.489,48.0,4.7357,0.1496,1.4526,1.0,55.209,80.0,52.0,5.5127,0.17,1.6927,1.0,55.745,76.0,50.0,4.9209,0.1904,1.4947,1.0,48.0,68.0,42.0,3.0514,0.2108,0.8879,0.8153,42.0,62.0,36.0,2.7231,0.2312,0.7743,0.7577
278,11.5833,9x payload hold,224.0,5.3,0.34,9.0,1,44.914,61.457,48.0,4.8377,0.1496,1.4852,1.0,55.234,80.0,52.0,5.5389,0.17,1.7011,1.0,55.728,76.0,50.0,4.8381,0.1904,1.4682,1.0,48.0,68.0,42.0,3.0033,0.2108,0.8725,0.8069,42.0,62.0,36.0,2.7674,0.2312,0.7885,0.7655
279,11.625,9x payload hold,224.0,5.3,0.34,9.0,1,44.467,61.234,48.0,4.9401,0.1496,1.518,1.0,55.413,80.0,52.0,5.5562,0.17,1.7066,1.0,55.617,76.0,50.0,4.7516,0.1904,1.4405,1.0,48.0,68.0,42.0,2.961,0.2108,0.859,0.7995,42.0,62.0,36.0,2.8166,0.2312,0.8042,0.7741
280,11.6667,9x payload hold,224.0,5.3,0.34,9.0,1,43.663,60.832,48.0,5.0417,0.1496,1.5505,1.0,55.735,80.0,52.0,5.5643,0.17,1.7092,1.0,55.416,76.0,50.0,4.6622,0.1904,1.4119,1.0,48.0,68.0,42.0,2.9251,0.2108,0.8475,0.7932,42.0,62.0,36.0,2.8703,0.2312,0.8214,0.7836
281,11.7083,9x payload hold,224.0,5.3,0.34,9.0,1,42.546,60.273,48.0,5.1418,0.1496,1.5825,1.0,56.182,80.0,52.0,5.5633,0.17,1.7088,1.0,55.137,76.0,50.0,4.5706,0.1904,1.3826,1.0,48.0,68.0,42.0,2.8959,0.2108,0.8382,0.7881,42.0,62.0,36.0,2.928,0.2312,0.8398,0.7937
282,11.75,9x payload hold,224.0,5.3,0.34,9.0,1,41.178,59.589,48.0,5.2394,0.1496,1.6138,1.0,56.729,80.0,52.0,5.553,0.17,1.7056,1.0,54.794,76.0,50.0,4.4778,0.1904,1.3529,1.0,48.0,68.0,42.0,2.8736,0.2108,0.831,0.7841,42.0,62.0,36.0,2.9891,0.2312,0.8594,0.8044
283,11.7917,9x payload hold,224.0,5.3,0.34,9.0,1,39.634,58.817,48.0,5.3335,0.1496,1.6439,1.0,57.346,80.0,52.0,5.5337,0.17,1.6994,1.0,54.409,76.0,50.0,4.3846,0.1904,1.3231,1.0,48.0,68.0,42.0,2.8584,0.2108,0.8262,0.7815,42.0,62.0,36.0,3.053,0.2312,0.8799,0.8156
284,11.8333,dataset + hardware export,224.0,5.3,0.34,9.0,1,38.0,58.0,48.0,5.4234,0.1496,1.6726,1.0,58.0,80.0,52.0,5.5055,0.17,1.6904,1.0,54.0,76.0,50.0,4.2918,0.1904,1.2934,1.0,48.0,68.0,42.0,2.8505,0.2108,0.8236,0.7801,42.0,62.0,36.0,3.1193,0.2312,0.9011,0.8272
285,11.875,dataset + hardware export,224.0,5.3,0.34,9.0,1,36.366,57.183,48.0,5.5081,0.1496,1.6998,1.0,58.654,80.0,52.0,5.4687,0.17,1.6786,1.0,53.591,76.0,50.0,4.2003,0.1904,1.2641,1.0,48.0,68.0,42.0,2.8499,0.2108,0.8234,0.78,42.0,62.0,36.0,3.1873,0.2312,0.9228,0.8392
286,11.9167,dataset + hardware export,224.0,5.3,0.34,9.0,1,34.822,56.411,48.0,5.587,0.1496,1.725,1.0,59.271,80.0,52.0,5.4235,0.17,1.6641,1.0,53.206,76.0,50.0,4.111,0.1904,1.2356,1.0,48.0,68.0,42.0,2.8567,0.2108,0.8256,0.7812,42.0,62.0,36.0,3.2563,0.2312,0.9449,0.8513
287,11.9583,dataset + hardware export,224.0,5.3,0.34,9.0,1,33.454,55.727,48.0,5.6593,0.1496,1.7481,1.0,59.818,80.0,52.0,5.3704,0.17,1.6471,1.0,52.863,76.0,50.0,4.0246,0.1904,1.2079,0.9861,48.0,68.0,42.0,2.8708,0.2108,0.8301,0.7836,42.0,62.0,36.0,3.3257,0.2312,0.9671,0.8635
288,12.0,dataset + hardware export,224.0,5.3,0.34,9.0,1,32.337,55.168,48.0,5.7243,0.1496,1.7689,1.0,60.265,80.0,52.0,5.31,0.17,1.6278,1.0,52.584,76.0,50.0,3.942,0.1904,1.1815,0.9716,48.0,68.0,42.0,2.892,0.2108,0.8369,0.7874,42.0,62.0,36.0,3.395,0.2312,0.9893,0.8756
289,12.0417,dataset + hardware export,224.0,5.3,0.34,9.0,1,31.533,54.766,48.0,5.7815,0.1496,1.7872,1.0,60.587,80.0,52.0,5.2427,0.17,1.6063,1.0,52.383,76.0,50.0,3.8638,0.1904,1.1565,0.9579,48.0,68.0,42.0,2.9202,0.2108,0.8459,0.7923,42.0,62.0,36.0,3.4634,0.2312,1.0112,0.8876
290,12.0833,dataset + hardware export,224.0,5.3,0.34,9.0,1,31.086,54.543,48.0,5.8302,0.1496,1.8028,1.0,60.766,80.0,52.0,5.1691,0.17,1.5827,1.0,52.272,76.0,50.0,3.7909,0.1904,1.1331,0.9451,48.0,68.0,42.0,2.9551,0.2108,0.8571,0.7984,42.0,62.0,36.0,3.5303,0.2312,1.0326,0.8993
291,12.125,dataset + hardware export,224.0,5.3,0.34,9.0,1,31.022,54.511,48.0,5.8702,0.1496,1.8156,1.0,60.791,80.0,52.0,5.09,0.17,1.5574,1.0,52.255,76.0,50.0,3.7239,0.1904,1.1117,0.9333,48.0,68.0,42.0,2.9964,0.2108,0.8703,0.8057,42.0,62.0,36.0,3.5951,0.2312,1.0533,0.9107
292,12.1667,dataset + hardware export,224.0,5.3,0.34,9.0,1,31.343,54.671,48.0,5.9009,0.1496,1.8255,1.0,60.663,80.0,52.0,5.006,0.17,1.5305,1.0,52.336,76.0,50.0,3.6634,0.1904,1.0923,0.9227,48.0,68.0,42.0,3.0436,0.2108,0.8854,0.814,42.0,62.0,36.0,3.6573,0.2312,1.0732,0.9216
293,12.2083,dataset + hardware export,224.0,5.3,0.34,9.0,1,32.032,55.016,48.0,5.9222,0.1496,1.8323,1.0,60.387,80.0,52.0,4.918,0.17,1.5024,1.0,52.508,76.0,50.0,3.6099,0.1904,1.0752,0.9133,48.0,68.0,42.0,3.0965,0.2108,0.9023,0.8232,42.0,62.0,36.0,3.7162,0.2312,1.0921,0.932
294,12.25,dataset + hardware export,224.0,5.3,0.34,9.0,1,33.05,55.525,48.0,5.9337,0.1496,1.836,1.0,59.98,80.0,52.0,4.8268,0.17,1.4732,1.0,52.763,76.0,50.0,3.564,0.1904,1.0605,0.9053,48.0,68.0,42.0,3.1544,0.2108,0.9209,0.8334,42.0,62.0,36.0,3.7713,0.2312,1.1097,0.9416
295,12.2917,dataset + hardware export,224.0,5.3,0.34,9.0,1,34.343,56.171,48.0,5.9355,0.1496,1.8365,1.0,59.463,80.0,52.0,4.7331,0.17,1.4432,1.0,53.086,76.0,50.0,3.5261,0.1904,1.0484,0.8986,48.0,68.0,42.0,3.2169,0.2108,0.9409,0.8444,42.0,62.0,36.0,3.8221,0.2312,1.126,0.9505
296,12.3333,dataset + hardware export,224.0,5.3,0.34,9.0,1,35.837,56.918,48.0,5.9275,0.1496,1.834,1.0,58.865,80.0,52.0,4.6378,0.17,1.4127,1.0,53.459,76.0,50.0,3.4965,0.1904,1.0389,0.8934,48.0,68.0,42.0,3.2834,0.2108,0.9621,0.856,42.0,62.0,36.0,3.8682,0.2312,1.1407,0.9586
297,12.375,dataset + hardware export,224.0,5.3,0.34,9.0,1,37.451,57.725,48.0,5.9097,0.1496,1.8283,1.0,58.22,80.0,52.0,4.5419,0.17,1.382,1.0,53.863,76.0,50.0,3.4755,0.1904,1.0322,0.8897,48.0,68.0,42.0,3.3532,0.2108,0.9845,0.8683,42.0,62.0,36.0,3.909,0.2312,1.1538,0.9658
298,12.4167,dataset + hardware export,224.0,5.3,0.34,9.0,1,39.095,58.548,48.0,5.8824,0.1496,1.8195,1.0,57.562,80.0,52.0,4.4462,0.17,1.3514,1.0,54.274,76.0,50.0,3.4632,0.1904,1.0283,0.8876,48.0,68.0,42.0,3.4258,0.2108,1.0077,0.881,42.0,62.0,36.0,3.9443,0.2312,1.1651,0.972
299,12.4583,dataset + hardware export,224.0,5.3,0.34,9.0,1,40.679,59.339,48.0,5.8458,0.1496,1.8078,1.0,56.928,80.0,52.0,4.3515,0.17,1.3211,1.0,54.67,76.0,50.0,3.4599,0.1904,1.0272,0.887,48.0,68.0,42.0,3.5004,0.2108,1.0316,0.8941,42.0,62.0,36.0,3.9737,0.2312,1.1745,0.9771
300,12.5,dataset + hardware export,224.0,5.3,0.34,9.0,1,42.114,60.057,48.0,5.8002,0.1496,1.7932,1.0,56.354,80.0,52.0,4.2588,0.17,1.2914,1.0,55.029,76.0,50.0,3.4655,0.1904,1.029,0.888,48.0,68.0,42.0,3.5764,0.2108,1.0559,0.9074,42.0,62.0,36.0,3.997,0.2312,1.1819,0.9812
301,12.5417,dataset + hardware export,224.0,5.3,0.34,9.0,1,43.323,60.661,48.0,5.7461,0.1496,1.7759,1.0,55.871,80.0,52.0,4.1689,0.17,1.2626,1.0,55.331,76.0,50.0,3.48,0.1904,1.0336,0.8905,48.0,68.0,42.0,3.6531,0.2108,1.0805,0.9209,42.0,62.0,36.0,4.0139,0.2312,1.1873,0.9842
302,12.5833,dataset + hardware export,224.0,5.3,0.34,9.0,1,44.237,61.119,48.0,5.6838,0.1496,1.756,1.0,55.505,80.0,52.0,4.0826,0.17,1.235,0.9962,55.559,76.0,50.0,3.5032,0.1904,1.0411,0.8946,48.0,68.0,42.0,3.7298,0.2108,1.105,0.9343,42.0,62.0,36.0,4.0242,0.2312,1.1907,0.986
303,12.625,dataset + hardware export,224.0,5.3,0.34,9.0,1,44.807,61.403,48.0,5.6141,0.1496,1.7337,1.0,55.277,80.0,52.0,4.0007,0.17,1.2088,0.9819,55.702,76.0,50.0,3.535,0.1904,1.0512,0.9002,48.0,68.0,42.0,3.8057,0.2108,1.1293,0.9477,42.0,62.0,36.0,4.028,0.2312,1.1919,0.9867
304,12.6667,dataset + hardware export,224.0,5.3,0.34,9.0,1,45.0,61.5,48.0,5.5376,0.1496,1.7092,1.0,55.2,80.0,52.0,3.924,0.17,1.1843,0.9684,55.75,76.0,50.0,3.575,0.1904,1.064,0.9072,48.0,68.0,42.0,3.8802,0.2108,1.1531,0.9607,42.0,62.0,36.0,4.0251,0.2312,1.1909,0.9862
305,12.7083,dataset + hardware export,224.0,5.3,0.34,9.0,1,44.807,61.403,48.0,5.4548,0.1496,1.6827,1.0,55.277,80.0,52.0,3.8531,0.17,1.1616,0.956,55.702,76.0,50.0,3.6228,0.1904,1.0793,0.9156,48.0,68.0,42.0,3.9527,0.2108,1.1763,0.9734,42.0,62.0,36.0,4.0155,0.2312,1.1879,0.9845
306,12.75,dataset + hardware export,224.0,5.3,0.34,9.0,1,44.237,61.119,48.0,5.3667,0.1496,1.6545,1.0,55.505,80.0,52.0,3.7888,0.17,1.141,0.9447,55.559,76.0,50.0,3.6782,0.1904,1.097,0.9253,48.0,68.0,42.0,4.0223,0.2108,1.1986,0.9857,42.0,62.0,36.0,3.9995,0.2312,1.1827,0.9817
307,12.7917,dataset + hardware export,224.0,5.3,0.34,9.0,1,43.323,60.661,48.0,5.2741,0.1496,1.6249,1.0,55.871,80.0,52.0,3.7316,0.17,1.1227,0.9347,55.331,76.0,50.0,3.7404,0.1904,1.117,0.9362,48.0,68.0,42.0,4.0885,0.2108,1.2198,0.9973,42.0,62.0,36.0,3.977,0.2312,1.1755,0.9777
308,12.8333,dataset + hardware export,224.0,5.3,0.34,9.0,1,42.114,60.057,48.0,5.1776,0.1496,1.594,1.0,56.354,80.0,52.0,3.682,0.17,1.1068,0.926,55.029,76.0,50.0,3.809,0.1904,1.1389,0.9482,48.0,68.0,42.0,4.1507,0.2108,1.2397,1.0,42.0,62.0,36.0,3.9484,0.2312,1.1664,0.9727
309,12.875,dataset + hardware export,224.0,5.3,0.34,9.0,1,40.679,59.339,48.0,5.0784,0.1496,1.5622,1.0,56.928,80.0,52.0,3.6405,0.17,1.0935,0.9187,54.67,76.0,50.0,3.8833,0.1904,1.1627,0.9613,48.0,68.0,42.0,4.2084,0.2108,1.2581,1.0,42.0,62.0,36.0,3.9138,0.2312,1.1553,0.9666
310,12.9167,dataset + hardware export,224.0,5.3,0.34,9.0,1,39.095,58.548,48.0,4.9772,0.1496,1.5299,1.0,57.562,80.0,52.0,3.6074,0.17,1.083,0.9129,54.274,76.0,50.0,3.9626,0.1904,1.1881,0.9752,48.0,68.0,42.0,4.2609,0.2108,1.2749,1.0,42.0,62.0,36.0,3.8736,0.2312,1.1424,0.9596
311,12.9583,dataset + hardware export,224.0,5.3,0.34,9.0,1,37.451,57.725,48.0,4.875,0.1496,1.4972,1.0,58.22,80.0,52.0,3.5831,0.17,1.0752,0.9086,53.863,76.0,50.0,4.0463,0.1904,1.2149,0.9899,48.0,68.0,42.0,4.3078,0.2108,1.2899,1.0,42.0,62.0,36.0,3.8282,0.2312,1.1279,0.9516
312,13.0,dataset + hardware export,224.0,5.3,0.34,9.0,1,35.837,56.918,48.0,4.7727,0.1496,1.4644,1.0,58.865,80.0,52.0,3.5679,0.17,1.0703,0.9059,53.459,76.0,50.0,4.1335,0.1904,1.2428,1.0,48.0,68.0,42.0,4.3486,0.2108,1.303,1.0,42.0,62.0,36.0,3.7779,0.2312,1.1118,0.9428
313,13.0417,dataset + hardware export,224.0,5.3,0.34,9.0,1,34.343,56.171,48.0,4.6713,0.1496,1.432,1.0,59.463,80.0,52.0,3.5617,0.17,1.0684,0.9049,53.086,76.0,50.0,4.2235,0.1904,1.2716,1.0,48.0,68.0,42.0,4.3831,0.2108,1.3141,1.0,42.0,62.0,36.0,3.7233,0.2312,1.0944,0.9332
314,13.0833,dataset + hardware export,224.0,5.3,0.34,9.0,1,33.05,55.525,48.0,4.5717,0.1496,1.4001,1.0,59.98,80.0,52.0,3.5648,0.17,1.0693,0.9054,52.763,76.0,50.0,4.3154,0.1904,1.301,1.0,48.0,68.0,42.0,4.4108,0.2108,1.3229,1.0,42.0,62.0,36.0,3.6649,0.2312,1.0757,0.923
315,13.125,dataset + hardware export,224.0,5.3,0.34,9.0,1,32.032,55.016,48.0,4.4748,0.1496,1.3691,1.0,60.387,80.0,52.0,3.577,0.17,1.0732,0.9075,52.508,76.0,50.0,4.4084,0.1904,1.3307,1.0,48.0,68.0,42.0,4.4316,0.2108,1.3296,1.0,42.0,62.0,36.0,3.6031,0.2312,1.0559,0.9121
316,13.1667,dataset + hardware export,224.0,5.3,0.34,9.0,1,31.343,54.671,48.0,4.3815,0.1496,1.3393,1.0,60.663,80.0,52.0,3.5983,0.17,1.08,0.9113,52.336,76.0,50.0,4.5016,0.1904,1.3605,1.0,48.0,68.0,42.0,4.4452,0.2108,1.3339,1.0,42.0,62.0,36.0,3.5386,0.2312,1.0352,0.9008
317,13.2083,dataset + hardware export,224.0,5.3,0.34,9.0,1,31.022,54.511,48.0,4.2927,0.1496,1.3108,1.0,60.791,80.0,52.0,3.6284,0.17,1.0897,0.9166,52.255,76.0,50.0,4.5941,0.1904,1.3901,1.0,48.0,68.0,42.0,4.4515,0.2108,1.336,1.0,42.0,62.0,36.0,3.4719,0.2312,1.0139,0.8891
318,13.25,dataset + hardware export,224.0,5.3,0.34,9.0,1,31.086,54.543,48.0,4.2092,0.1496,1.2841,1.0,60.766,80.0,52.0,3.6671,0.17,1.1021,0.9233,52.272,76.0,50.0,4.6852,0.1904,1.4193,1.0,48.0,68.0,42.0,4.4505,0.2108,1.3356,1.0,42.0,62.0,36.0,3.4037,0.2312,0.9921,0.8771
319,13.2917,dataset + hardware export,224.0,5.3,0.34,9.0,1,31.533,54.766,48.0,4.1317,0.1496,1.2593,1.0,60.587,80.0,52.0,3.714,0.17,1.1171,0.9316,52.383,76.0,50.0,4.774,0.1904,1.4477,1.0,48.0,68.0,42.0,4.4421,0.2108,1.3329,1.0,42.0,62.0,36.0,3.3345,0.2312,0.9699,0.865
320,13.3333,dataset + hardware export,224.0,5.3,0.34,9.0,1,32.337,55.168,48.0,4.0609,0.1496,1.2367,0.9924,60.265,80.0,52.0,3.7687,0.17,1.1346,0.9412,52.584,76.0,50.0,4.8596,0.1904,1.4751,1.0,48.0,68.0,42.0,4.4265,0.2108,1.3279,1.0,42.0,62.0,36.0,3.265,0.2312,0.9477,0.8528
321,13.375,dataset + hardware export,224.0,5.3,0.34,9.0,1,33.454,55.727,48.0,3.9976,0.1496,1.2164,0.9813,59.818,80.0,52.0,3.8307,0.17,1.1544,0.9521,52.863,76.0,50.0,4.9413,0.1904,1.5013,1.0,48.0,68.0,42.0,4.4037,0.2108,1.3206,1.0,42.0,62.0,36.0,3.1959,0.2312,0.9256,0.8407
322,13.4167,dataset + hardware export,224.0,5.3,0.34,9.0,1,34.822,56.411,48.0,3.9422,0.1496,1.1987,0.9716,59.271,80.0,52.0,3.8995,0.17,1.1764,0.9641,53.206,76.0,50.0,5.0184,0.1904,1.5259,1.0,48.0,68.0,42.0,4.374,0.2108,1.3112,1.0,42.0,62.0,36.0,3.1278,0.2312,0.9038,0.8287
323,13.4583,dataset + hardware export,224.0,5.3,0.34,9.0,1,36.366,57.183,48.0,3.8953,0.1496,1.1837,0.9634,58.654,80.0,52.0,3.9743,0.17,1.2004,0.9772,53.591,76.0,50.0,5.0901,0.1904,1.5489,1.0,48.0,68.0,42.0,4.3377,0.2108,1.2995,1.0,42.0,62.0,36.0,3.0613,0.2312,0.8825,0.8171
324,13.5,dataset + hardware export,224.0,5.3,0.34,9.0,1,38.0,58.0,48.0,3.8574,0.1496,1.1715,0.9567,58.0,80.0,52.0,4.0545,0.17,1.2261,0.9913,54.0,76.0,50.0,5.1557,0.1904,1.5699,1.0,48.0,68.0,42.0,4.2951,0.2108,1.2859,1.0,42.0,62.0,36.0,2.997,0.2312,0.8619,0.8058
325,13.5417,dataset + hardware export,224.0,5.3,0.34,9.0,1,39.634,58.817,48.0,3.8287,0.1496,1.1623,0.9517,57.346,80.0,52.0,4.1394,0.17,1.2532,1.0,54.409,76.0,50.0,5.2148,0.1904,1.5888,1.0,48.0,68.0,42.0,4.2466,0.2108,1.2704,1.0,42.0,62.0,36.0,2.9355,0.2312,0.8423,0.795
326,13.5833,dataset + hardware export,224.0,5.3,0.34,9.0,1,41.178,59.589,48.0,3.8095,0.1496,1.1562,0.9483,56.729,80.0,52.0,4.2282,0.17,1.2816,1.0,54.794,76.0,50.0,5.2666,0.1904,1.6053,1.0,48.0,68.0,42.0,4.1926,0.2108,1.2531,1.0,42.0,62.0,36.0,2.8774,0.2312,0.8237,0.7848
327,13.625,dataset + hardware export,224.0,5.3,0.34,9.0,1,42.546,60.273,48.0,3.8001,0.1496,1.1532,0.9467,56.182,80.0,52.0,4.3201,0.17,1.311,1.0,55.137,76.0,50.0,5.3108,0.1904,1.6195,1.0,48.0,68.0,42.0,4.1336,0.2108,1.2342,1.0,42.0,62.0,36.0,2.8232,0.2312,0.8063,0.7753
328,13.6667,dataset + hardware export,224.0,5.3,0.34,9.0,1,43.663,60.832,48.0,3.8005,0.1496,1.1533,0.9467,55.735,80.0,52.0,4.4142,0.17,1.3411,1.0,55.416,76.0,50.0,5.3469,0.1904,1.6311,1.0,48.0,68.0,42.0,4.0702,0.2108,1.2139,0.9941,42.0,62.0,36.0,2.7733,0.2312,0.7904,0.7666
329,13.7083,dataset + hardware export,224.0,5.3,0.34,9.0,1,44.467,61.234,48.0,3.8106,0.1496,1.1566,0.9485,55.413,80.0,52.0,4.5097,0.17,1.3717,1.0,55.617,76.0,50.0,5.3747,0.1904,1.6399,1.0,48.0,68.0,42.0,4.0029,0.2108,1.1924,0.9823,42.0,62.0,36.0,2.7284,0.2312,0.776,0.7587
330,13.75,dataset + hardware export,224.0,5.3,0.34,9.0,1,44.914,61.457,48.0,3.8304,0.1496,1.1629,0.952,55.234,80.0,52.0,4.6056,0.17,1.4024,1.0,55.728,76.0,50.0,5.3938,0.1904,1.646,1.0,48.0,68.0,42.0,3.9324,0.2108,1.1698,0.9699,42.0,62.0,36.0,2.6887,0.2312,0.7633,0.7517
331,13.7917,dataset + hardware export,224.0,5.3,0.34,9.0,1,44.978,61.489,48.0,3.8598,0.1496,1.1723,0.9572,55.209,80.0,52.0,4.7012,0.17,1.433,1.0,55.745,76.0,50.0,5.4041,0.1904,1.6493,1.0,48.0,68.0,42.0,3.8594,0.2108,1.1465,0.9571,42.0,62.0,36.0,2.6547,0.2312,0.7524,0.7457
332,13.8333,dataset + hardware export,224.0,5.3,0.34,9.0,1,44.657,61.329,48.0,3.8984,0.1496,1.1847,0.9639,55.337,80.0,52.0,4.7955,0.17,1.4632,1.0,55.664,76.0,50.0,5.4055,0.1904,1.6498,1.0,48.0,68.0,42.0,3.7844,0.2108,1.1225,0.9439,42.0,62.0,36.0,2.6266,0.2312,0.7434,0.7408
333,13.875,dataset + hardware export,224.0,5.3,0.34,9.0,1,43.968,60.984,48.0,3.9459,0.1496,1.1999,0.9723,55.613,80.0,52.0,4.8877,0.17,1.4927,1.0,55.492,76.0,50.0,5.3979,0.1904,1.6474,1.0,48.0,68.0,42.0,3.7082,0.2108,1.0981,0.9306,42.0,62.0,36.0,2.6047,0.2312,0.7364,0.737
334,13.9167,dataset + hardware export,224.0,5.3,0.34,9.0,1,42.95,60.475,48.0,4.0019,0.1496,1.2178,0.9821,56.02,80.0,52.0,4.9769,0.17,1.5212,1.0,55.237,76.0,50.0,5.3815,0.1904,1.6421,1.0,48.0,68.0,42.0,3.6314,0.2108,1.0735,0.9171,42.0,62.0,36.0,2.5892,0.2312,0.7314,0.7342
335,13.9583,dataset + hardware export,224.0,5.3,0.34,9.0,1,41.657,59.829,48.0,4.0658,0.1496,1.2382,0.9933,56.537,80.0,52.0,5.0623,0.17,1.5485,1.0,54.914,76.0,50.0,5.3564,0.1904,1.6341,1.0,48.0,68.0,42.0,3.5548,0.2108,1.049,0.9037,42.0,62.0,36.0,2.5803,0.2312,0.7286,0.7327
